Question ID,-1,-1
2390,1,-1
2390,1,-1
2390,1,-1
2390,1,1
106503,1,-1
106503,1,-1
106503,1,1
106503,1,1
165897,-1,-1
165897,1,-1
165897,1,1
165897,1,1
165906,-1,-1
165906,1,1
165906,1,1
165906,1,1
165906,1,-1
165908,1,-1
165908,1,-1
165908,1,1
165908,1,1
183515,1,-1
183515,1,-1
183515,1,1
165912,1,-1
165912,1,1
165912,1,1
165912,1,1
3956,1,-1
3956,1,-1
3956,1,-1
3956,1,1
4125,1,-1
4125,-1,-1
4125,1,-1
4125,1,-1
4125,1,1
159067,1,1
159067,1,1
159067,1,1
143399,-1,-1
143399,1,-1
143399,1,-1
2089,-1,1
2089,-1,-1
2089,1,1
2089,1,1
2089,1,1
2090,-1,1
2090,-1,1
2090,-1,1
2090,1,1
2090,1,1
163847,-1,1
163847,1,1
165933,1,-1
165933,1,-1
165933,1,1
165933,1,1
108592,-1,-1
108592,1,1
108592,1,1
2101,-1,1
2101,-1,1
2101,-1,1
2101,-1,1
2104,-1,-1
2104,-1,1
2104,1,1
2104,1,1
143420,-1,-1
143420,-1,1
143420,-1,1
143420,1,1
2110,-1,-1
2110,-1,-1
2110,-1,1
2110,1,1
2110,1,1
165954,1,1
165954,1,1
165954,1,1
102468,-1,1
102468,-1,1
102468,-1,1
102468,-1,1
102468,1,1
106566,1,-1
106566,1,-1
106566,1,1
106566,1,1
2119,1,1
2119,1,1
2119,1,1
2119,1,1
2119,1,1
2119,1,1
174157,1,-1
174157,1,-1
174157,1,-1
4177,-1,-1
4177,-1,-1
4177,1,1
4177,1,1
4177,1,1
4177,1,1
4177,1,1
106584,1,1
106584,1,1
106584,1,1
106584,1,1
2139,-1,-1
2139,-1,-1
2139,-1,-1
2139,1,-1
2139,1,-1
2139,1,-1
143455,-1,1
143455,-1,1
143455,1,1
102502,1,-1
102502,1,-1
102502,1,-1
102502,1,-1
102502,1,-1
102502,1,-1
4202,-1,1
4202,1,1
4202,1,1
4202,1,1
4202,1,1
102509,-1,-1
102509,1,1
102509,1,-1
102509,1,1
102509,1,1
2158,-1,-1
2158,-1,-1
2158,1,1
2158,1,1
2158,1,1
2158,1,1
116413,-1,-1
116413,-1,-1
116413,-1,-1
116413,-1,-1
116413,-1,-1
116413,-1,-1
116413,-1,1
4211,-1,-1
4211,1,-1
4211,1,-1
4211,1,1
4211,1,1
118900,-1,1
118900,1,1
118900,1,1
118900,1,1
118900,1,1
149622,-1,1
149622,1,1
149622,1,1
106516,-1,1
106516,1,1
106516,1,1
106516,1,1
106622,1,1
106622,1,1
106622,1,1
106622,1,1
106622,1,1
4227,-1,-1
4227,1,-1
4227,1,-1
4227,1,-1
4227,1,1
106634,-1,-1
106634,-1,-1
106634,1,-1
106634,1,1
106634,1,1
102540,-1,-1
102540,-1,-1
102540,1,-1
102540,1,1
102540,1,-1
102541,-1,-1
102541,1,1
102541,1,1
102541,1,1
102541,1,1
2193,-1,-1
2193,-1,1
2193,1,1
2193,1,1
102551,1,1
102551,-1,-1
102551,1,1
102551,1,1
141465,1,1
141465,1,1
141465,1,1
149663,-1,1
149663,1,1
149663,1,1
108714,-1,-1
108714,-1,-1
108714,1,1
108714,1,1
181823,1,1
181823,1,1
181823,1,1
108721,-1,-1
108721,1,-1
108721,1,-1
108721,1,1
2230,1,1
2230,1,1
2230,1,1
2230,1,1
2230,1,1
139450,1,1
139450,1,1
139450,1,1
149691,1,-1
149691,1,1
149691,1,1
157887,-1,-1
157887,1,1
157887,1,1
157887,1,1
4296,-1,-1
4296,1,-1
4296,1,-1
4296,1,1
4296,1,1
4296,1,1
102604,-1,-1
102604,-1,-1
102604,-1,1
102604,-1,1
102604,-1,1
102604,1,1
2255,-1,1
2255,-1,1
2255,1,1
2255,1,1
2255,1,1
2255,1,1
2260,-1,-1
2260,-1,-1
2260,-1,-1
2260,-1,-1
180441,1,1
180441,1,1
180441,1,1
4321,-1,-1
4321,-1,-1
4321,-1,-1
4321,-1,-1
4321,-1,-1
4321,1,1
2274,-1,1
2274,1,1
2274,1,1
2274,1,1
163195,-1,-1
163195,1,1
163195,1,1
163195,1,1
102629,1,-1
102629,1,-1
102629,1,-1
102629,1,1
102629,1,1
4330,-1,-1
4330,1,1
4330,1,1
4330,1,1
4330,1,1
4330,1,1
180459,1,1
180459,1,1
180459,1,1
2292,-1,1
2292,1,1
2292,1,1
2292,1,1
184750,-1,-1
184750,-1,-1
184750,1,1
184750,1,1
4345,-1,-1
4345,1,1
4345,1,1
4345,1,1
4345,1,1
123306,1,-1
123306,1,1
123306,1,1
123306,1,1
123306,1,1
123306,1,1
2309,1,-1
2309,1,1
2309,1,1
2309,1,1
2309,1,1
2311,-1,-1
2311,1,-1
2311,1,-1
2311,1,-1
2311,1,1
4360,1,-1
4360,1,1
4360,1,1
4360,1,1
4360,1,1
4360,1,1
2313,-1,-1
2313,-1,-1
2313,1,-1
2313,1,-1
2313,1,1
162059,1,-1
162059,-1,-1
162059,1,1
102672,1,1
102672,1,1
102672,1,1
102672,1,1
3249,-1,-1
3249,-1,-1
3249,-1,-1
3249,1,-1
3249,1,1
3249,1,1
168216,1,-1
168216,1,-1
4387,1,1
4387,1,1
4387,1,1
4387,1,1
2340,1,-1
2340,1,-1
2340,1,1
2340,1,1
2350,-1,1
2350,1,1
2350,1,1
2350,1,1
4402,-1,-1
4402,-1,-1
4402,-1,1
4402,1,1
4402,1,1
4402,1,1
4402,1,1
4402,1,1
162102,-1,-1
162102,1,1
162102,1,1
4408,-1,-1
4408,1,1
4408,1,1
4408,1,1
4408,1,1
4408,1,1
4408,1,1
106549,-1,-1
106549,1,1
106549,1,1
106549,1,1
117057,-1,-1
117057,-1,1
117057,-1,1
117057,1,1
117057,1,1
182594,1,-1
182594,1,1
182594,1,1
168261,1,1
168261,1,1
168261,1,1
119863,-1,-1
119863,-1,-1
119863,1,1
119863,1,1
119863,1,1
108876,1,1
108876,1,1
108876,1,1
108876,1,1
108876,1,1
108876,1,1
170381,-1,1
170381,1,1
170381,1,1
108882,-1,-1
108882,1,-1
108882,1,-1
108882,1,1
108882,1,1
102743,1,-1
102743,1,1
102743,1,1
102743,1,1
182619,-1,-1
182619,1,1
182619,1,1
2398,1,-1
2398,1,1
2398,1,1
2398,1,1
141668,-1,1
141668,-1,1
141668,1,1
166273,-1,1
166273,-1,1
166273,1,1
2451,1,-1
2451,1,1
2451,1,1
2451,1,1
2451,1,1
2451,1,1
188799,1,-1
188799,1,1
188799,1,1
188799,1,1
176513,1,1
176513,1,1
176513,1,1
188802,1,1
188802,1,1
188802,1,1
188802,1,1
188803,-1,-1
188803,1,1
188803,1,1
188806,1,1
188806,1,1
188806,1,1
188806,1,1
188806,1,1
188808,-1,1
188808,-1,1
188808,1,1
188808,1,1
141709,-1,-1
141709,1,-1
141709,1,-1
141709,1,1
166291,-1,1
166291,-1,1
166291,-1,1
166291,-1,1
188821,1,1
188821,1,1
188821,1,1
170390,1,1
170390,1,1
170390,1,1
170390,1,1
188824,-1,-1
188824,-1,-1
188824,-1,1
4037,-1,-1
4037,1,1
4037,1,1
4037,1,1
188827,-1,-1
188827,1,1
188827,1,1
2458,-1,-1
2458,-1,-1
2458,-1,-1
2458,-1,-1
188830,1,1
188830,1,1
188830,1,1
188830,1,1
2466,-1,-1
2466,1,1
2466,1,1
2466,1,1
2466,1,1
170404,1,1
170404,1,1
170404,1,1
170404,1,1
188838,-1,-1
188838,1,1
188838,1,1
188838,1,1
179953,1,1
179953,-1,1
179953,-1,1
172458,-1,-1
172458,-1,-1
172458,-1,-1
188843,1,-1
188843,1,-1
188843,1,1
188843,1,1
2476,1,1
2476,-1,-1
2476,1,1
2476,1,1
188849,-1,-1
188849,1,1
188849,1,1
188850,-1,1
188850,1,1
188850,1,1
2487,1,1
2487,-1,1
2487,-1,1
188858,-1,1
188858,1,1
188858,1,1
166331,1,1
166331,1,1
166331,1,1
117182,1,-1
117182,1,-1
117182,1,-1
117182,1,1
117182,1,1
102847,1,1
102847,1,1
102847,1,1
102847,1,1
172481,-1,1
172481,-1,1
172481,1,1
172481,1,1
164296,-1,1
164296,1,1
164296,1,1
165623,1,-1
165623,1,1
165623,1,1
165623,1,1
164301,-1,-1
164301,-1,1
164301,-1,1
164301,-1,1
143823,-1,-1
143823,-1,-1
143823,-1,-1
117200,-1,-1
117200,1,-1
117200,1,-1
117200,1,-1
143825,-1,1
143825,1,1
172498,1,-1
172498,1,1
172498,1,1
172500,1,1
172500,1,1
172500,1,1
172500,1,1
172502,1,-1
172502,1,-1
172502,1,-1
172502,1,-1
143832,1,1
143832,1,1
143832,1,1
164317,-1,1
164317,1,1
164317,1,1
102882,-1,-1
102882,-1,1
102882,1,1
102882,1,1
119547,-1,-1
119547,1,-1
119547,1,-1
119547,1,1
119547,1,1
2535,-1,-1
2535,1,-1
2535,1,1
2535,1,1
179964,1,1
179964,1,1
179964,1,1
110333,-1,-1
110333,-1,-1
110333,-1,1
110333,1,1
110333,1,1
143856,-1,-1
143856,-1,1
154100,-1,1
154100,1,1
154100,1,1
164341,-1,1
164341,1,1
164341,1,1
2550,1,1
2550,1,-1
2550,1,1
2550,1,1
2550,1,1
188842,-1,1
188842,-1,1
188842,-1,1
164350,-1,1
164350,-1,1
164350,-1,1
160512,-1,-1
160512,-1,-1
160512,-1,-1
160512,-1,1
143874,1,-1
143874,1,1
143874,1,1
147975,-1,-1
147975,1,-1
147975,1,-1
143887,1,-1
143887,1,-1
143887,1,-1
143887,1,1
143790,1,1
143790,1,1
143790,1,1
143790,1,1
3973,1,1
3973,1,1
3973,1,1
3973,1,1
164271,1,1
164271,1,1
166322,1,-1
166322,1,1
166322,1,1
154164,1,-1
154164,1,-1
154164,1,1
145975,1,1
145975,1,1
109113,-1,-1
109113,1,1
109113,1,1
109113,1,1
2622,1,1
2622,1,1
2622,1,1
2622,1,1
2622,1,1
163253,1,-1
163253,1,1
163253,1,1
105024,1,1
105024,1,-1
105024,1,1
105024,1,1
2630,1,-1
2630,1,-1
2630,1,-1
2630,1,1
2630,1,1
102996,-1,-1
102996,1,1
102996,1,1
102996,1,1
156252,1,1
156252,1,1
156252,1,1
166330,-1,-1
166330,-1,1
166330,-1,1
166330,-1,1
146014,-1,-1
146014,1,-1
146014,1,1
146021,-1,1
146021,1,1
146021,1,1
170598,1,1
170598,1,1
170598,1,1
170598,1,1
148073,1,-1
148073,1,-1
148073,1,-1
148073,1,-1
146026,-1,-1
146026,1,-1
146026,1,-1
146026,1,-1
100972,1,-1
100972,1,1
100972,1,1
100972,1,1
100972,1,1
115310,-1,-1
115310,1,-1
115310,1,-1
115310,1,1
115310,1,1
115310,1,1
170608,1,1
170608,1,1
170608,1,1
2673,1,-1
2673,1,-1
2673,-1,-1
2673,1,-1
2673,1,-1
2673,1,-1
110903,-1,-1
110903,1,1
110903,1,1
110903,1,1
110903,1,1
110903,1,1
170619,1,1
170619,1,1
170619,1,1
170619,1,1
146050,1,-1
146050,1,-1
146050,1,1
2692,-1,-1
2692,1,1
2692,1,1
2692,1,1
2692,1,1
2692,1,1
2692,1,1
2497,1,1
2497,1,1
2497,1,1
2497,1,1
2497,1,1
146056,-1,-1
146056,-1,1
146056,1,1
146057,1,-1
146057,1,1
146057,1,1
2698,1,1
2698,1,1
2698,1,1
2698,1,1
162445,-1,-1
162445,-1,-1
162445,-1,1
179309,-1,1
179309,1,1
179309,1,1
179309,1,1
179309,1,1
105108,1,1
105108,1,1
105108,1,1
105108,1,1
101023,-1,-1
101023,1,1
101023,1,1
101023,1,1
101023,1,1
176802,1,-1
176802,1,1
176802,1,1
2725,-1,-1
2725,-1,1
2725,-1,1
2725,-1,1
2725,1,1
187046,1,1
187046,1,1
187046,1,1
187046,1,1
187048,1,-1
187048,1,1
187048,1,1
156329,1,1
156329,1,1
156329,1,1
156329,1,1
101034,-1,-1
101034,-1,-1
101034,-1,-1
101034,-1,-1
101034,-1,-1
101034,1,-1
2731,1,1
2731,1,1
2731,1,1
2731,1,1
105134,1,-1
105134,-1,1
105134,1,1
105134,1,1
1821,-1,-1
1821,1,-1
1821,1,-1
1821,1,-1
162481,-1,1
162481,-1,1
162481,-1,1
162482,1,-1
162482,1,1
162482,1,1
117427,1,-1
117427,1,-1
117427,1,-1
117427,1,1
117427,1,1
146105,1,1
146105,1,1
146105,1,1
187066,1,1
187066,1,1
187066,1,1
105151,-1,-1
105151,1,1
105151,1,1
105151,1,1
105151,1,1
2507,1,-1
2507,1,1
2507,1,1
2507,1,1
179992,1,-1
179992,1,1
179992,1,1
179992,1,1
160464,1,-1
160464,1,1
160464,1,1
160467,-1,1
160467,1,1
160467,1,1
131798,1,1
131798,1,1
105186,1,1
105186,1,1
105186,1,1
105186,1,1
187113,1,1
187113,1,1
187113,1,1
122504,-1,-1
122504,1,-1
122504,1,-1
122504,1,1
122504,1,1
122504,1,1
2795,-1,-1
2795,1,-1
2795,1,-1
2795,1,-1
2795,1,1
109300,1,1
109300,1,1
109300,1,1
109300,1,1
109300,1,1
2808,-1,-1
2808,1,1
2808,1,1
102868,1,1
102868,1,-1
102868,1,-1
102868,1,1
102868,1,1
102868,1,1
160507,1,-1
160507,1,-1
160507,1,-1
187136,-1,-1
187136,1,1
187136,-1,1
187136,-1,1
187143,1,1
187143,1,1
187143,1,1
187143,1,1
185106,-1,1
185106,1,1
185106,1,-1
185112,-1,1
185112,-1,1
185112,-1,1
185112,-1,1
115482,-1,-1
115482,-1,1
115482,1,1
115482,1,1
115482,1,1
111749,1,-1
111749,1,-1
111749,1,-1
111749,1,-1
111749,1,-1
111749,1,1
102661,-1,1
102661,1,1
102661,1,1
102661,1,1
2854,1,1
2854,1,-1
2854,1,1
2854,1,1
183473,1,1
183473,1,1
183473,1,1
183473,1,1
111402,-1,-1
111402,1,1
111402,1,1
111402,1,1
111402,1,1
187869,-1,-1
187869,1,1
187869,1,1
160560,1,1
160560,1,1
168754,1,-1
168754,1,1
168754,1,1
168754,1,1
109367,-1,1
109367,1,1
109367,1,1
109367,1,1
2872,-1,1
2872,-1,1
2872,-1,1
2872,-1,1
2872,-1,1
133951,-1,1
133951,-1,1
2880,-1,-1
2880,-1,-1
2880,-1,1
2880,-1,1
2880,-1,1
160577,-1,1
160577,-1,-1
160577,1,1
160577,1,1
152389,-1,-1
152389,1,-1
152389,1,-1
152389,1,1
152391,-1,-1
152391,-1,-1
152391,1,-1
152391,1,1
152391,1,1
152391,1,1
3915,1,1
3915,1,1
3915,1,1
3915,1,1
152400,-1,-1
152400,-1,1
152400,1,1
107347,1,-1
107347,1,1
107347,1,1
107347,1,1
107347,1,1
170836,-1,1
170836,-1,-1
170836,-1,1
2901,-1,1
2901,1,1
2901,1,1
146649,1,-1
146649,1,-1
146649,1,-1
2907,-1,1
2907,-1,1
2907,-1,1
152420,-1,-1
152420,1,1
2917,-1,-1
2917,-1,-1
2917,1,-1
2917,1,1
2917,1,1
2920,-1,1
2920,-1,-1
2920,1,1
2920,1,1
2920,1,1
142186,1,1
142186,1,1
142186,1,1
142186,1,1
142187,1,1
142187,1,1
142187,1,1
168816,1,1
168816,1,1
168816,1,1
170866,1,1
170866,1,1
170866,1,1
152435,-1,1
152435,1,1
152435,-1,1
168820,1,1
168820,-1,1
168820,1,1
168820,1,1
107384,1,-1
107384,-1,-1
107384,-1,-1
2938,1,1
2938,1,1
157162,1,1
157162,1,1
157162,1,1
117632,-1,-1
117632,-1,-1
117632,1,-1
117632,1,1
117632,1,1
117632,1,1
157849,-1,-1
157849,-1,-1
157849,-1,-1
142238,-1,1
142238,1,1
142238,1,1
145221,-1,1
145221,1,1
145221,1,1
105376,-1,-1
105376,-1,-1
105376,1,-1
105376,1,1
105376,1,1
162728,-1,-1
162728,-1,-1
162728,1,-1
3509,1,-1
3509,1,1
3509,1,1
3509,1,1
168775,-1,1
168775,1,1
168775,1,1
2077,-1,-1
2077,-1,-1
2077,-1,1
2077,1,1
162741,-1,-1
162741,1,1
162741,1,1
162741,1,1
104072,1,-1
104072,1,-1
104072,1,-1
104072,1,-1
104072,1,1
104072,1,1
104072,1,1
172992,1,1
172992,1,1
172992,1,1
172992,1,1
109506,-1,-1
109506,-1,-1
109506,-1,-1
109506,1,-1
109506,1,-1
152515,1,1
152515,1,1
152515,1,1
173004,1,-1
173004,1,1
173004,1,1
173004,1,1
173004,1,1
109517,-1,-1
109517,-1,1
109517,1,-1
109517,1,1
109517,1,1
3022,1,-1
3022,1,-1
3022,1,1
3022,1,1
173010,-1,-1
173010,1,-1
173010,1,1
173011,-1,1
173011,-1,1
173011,-1,1
173013,1,1
173013,1,1
173013,1,1
173013,1,1
175066,-1,-1
175066,1,1
175066,1,1
175066,1,1
173020,1,-1
173020,1,1
173020,1,1
173020,1,1
3048,-1,-1
3048,1,-1
3048,1,-1
3048,1,-1
138218,-1,-1
138218,1,1
138218,1,1
138218,1,1
170386,1,1
170386,1,1
170386,1,1
3061,-1,1
3061,1,1
3061,1,1
179204,-1,-1
179204,-1,1
179204,1,1
3103,-1,-1
3103,-1,-1
3103,1,1
3103,1,1
107530,-1,-1
107530,-1,1
107530,1,-1
107530,1,1
177183,1,1
177183,1,1
177183,1,1
177188,1,-1
177188,1,1
177188,1,1
157873,-1,-1
157873,-1,1
157873,-1,1
179244,-1,1
179244,-1,1
179244,-1,1
179245,-1,-1
179245,-1,1
179245,1,1
179245,1,1
3118,-1,-1
3118,1,-1
3118,1,1
3118,1,1
188801,1,1
188801,1,1
188801,1,1
188801,1,1
115761,-1,-1
115761,-1,-1
115761,-1,1
115761,-1,1
115761,-1,-1
115761,-1,-1
179250,1,1
179250,1,1
179250,1,1
179250,1,1
183482,-1,-1
183482,1,-1
183482,1,1
183482,1,1
111673,1,-1
111673,1,1
111673,1,1
111673,1,1
179264,1,1
179264,1,1
179264,1,1
3138,-1,-1
3138,-1,-1
3138,-1,-1
3138,-1,-1
3138,1,1
111687,-1,-1
111687,-1,1
111687,-1,1
111687,-1,1
111687,1,1
105545,-1,-1
105545,1,1
105545,1,1
105545,1,1
105545,1,1
179274,1,-1
179274,1,1
179274,1,1
179274,1,1
177227,-1,-1
177227,1,-1
177227,1,1
177227,1,1
177238,1,1
177238,1,1
177238,1,1
104634,1,1
104634,1,-1
104634,1,1
104634,1,1
161296,1,1
161296,1,1
161296,1,1
2235,1,-1
2235,1,-1
2235,1,1
2235,1,1
2235,1,1
2235,1,1
183399,1,-1
183399,1,-1
183399,1,-1
179307,1,-1
179307,1,1
179307,1,1
109677,1,-1
109677,1,-1
109677,1,-1
109677,1,1
109677,1,1
121971,-1,-1
121971,-1,-1
121971,1,1
121971,1,1
183416,1,1
183416,1,1
183416,1,1
183429,-1,-1
183429,-1,1
183429,-1,1
183429,-1,1
183432,1,-1
183432,1,1
183432,1,1
183432,1,1
145261,-1,1
145261,-1,1
145261,1,1
183440,1,1
183440,1,1
183440,1,1
183440,1,1
3217,-1,-1
3217,-1,1
3217,-1,1
3217,-1,1
3217,-1,1
183446,-1,-1
183446,1,1
183446,1,1
183446,1,1
183446,1,1
183452,-1,1
183452,-1,1
183452,-1,1
187930,-1,-1
187930,-1,-1
187930,1,1
187930,1,1
187930,1,1
109730,-1,1
109730,-1,1
109730,-1,1
109730,-1,1
183468,-1,-1
183468,1,1
183468,1,1
187933,-1,-1
187933,1,1
187933,1,1
157896,1,1
157896,1,1
157896,1,1
113849,1,-1
113849,1,-1
113849,1,-1
113849,1,1
113849,1,1
122042,1,-1
122042,-1,-1
122042,1,1
122042,1,1
183485,1,1
183485,1,1
183485,1,1
183485,1,1
183488,1,-1
183488,1,1
183488,1,1
183488,1,1
183489,-1,-1
183489,1,1
183489,1,1
183489,1,1
183500,1,1
183500,1,1
183500,1,1
165068,1,1
165068,1,1
165068,1,1
183504,1,-1
183504,1,1
183504,1,1
183504,1,1
110927,1,-1
110927,1,1
110927,1,1
110927,1,1
165076,1,1
165076,1,1
165076,1,1
165076,1,1
3287,-1,-1
3287,1,-1
3287,1,-1
3287,1,-1
3287,1,-1
3287,1,-1
109785,-1,-1
109785,1,-1
109785,1,1
109785,1,1
183514,-1,-1
183514,1,1
183514,1,1
183514,1,1
165083,1,1
165083,1,1
165083,1,1
165083,1,1
109789,-1,-1
109789,-1,-1
109789,-1,-1
109789,-1,-1
109789,-1,-1
109789,1,-1
109789,1,1
109789,1,1
3294,-1,-1
3294,-1,1
3294,-1,1
3294,-1,1
153277,1,-1
153277,1,1
153277,1,1
3298,1,1
3298,1,1
3298,1,1
3298,1,1
3298,1,1
3298,1,1
183523,1,1
183523,1,1
183523,1,1
183523,1,1
109796,1,-1
109796,1,-1
109796,1,-1
109796,1,-1
109796,1,-1
165096,1,-1
165096,1,-1
165096,1,1
165096,1,1
145276,1,1
145276,1,1
145276,1,1
145276,1,1
165099,-1,1
165099,1,1
165099,1,1
165099,1,1
107760,1,1
107760,1,1
107760,1,1
107760,1,1
109811,-1,-1
109811,-1,1
109811,1,1
109811,1,1
109811,1,1
165108,1,1
165108,1,1
165108,1,1
183542,1,1
183542,1,1
183542,1,1
103672,-1,-1
103672,1,-1
103672,1,1
103672,1,1
103672,1,1
165114,-1,-1
165114,1,1
165114,1,1
165119,1,1
165119,1,1
165119,1,1
154157,1,-1
154157,1,-1
154157,1,1
146705,1,1
146705,1,1
165138,-1,-1
165138,1,-1
165138,1,1
165138,1,1
165140,1,1
165140,1,1
165140,1,1
3349,-1,1
3349,1,1
3349,1,1
3349,1,1
3349,1,1
3351,1,1
3351,1,1
3351,1,1
3351,1,1
3351,1,1
181807,1,1
181807,1,1
181807,1,1
183581,1,1
183581,1,1
183581,1,1
183581,1,1
183583,-1,-1
183583,-1,1
183583,-1,1
173347,1,-1
173347,1,-1
173347,1,-1
173347,1,1
183591,-1,1
183591,1,1
183591,1,1
183593,1,1
183593,1,1
183593,1,1
183593,1,1
109867,1,1
109867,1,1
109867,1,1
109867,1,1
3372,-1,1
3372,-1,-1
3372,1,1
3372,1,1
3372,1,1
3372,1,1
3372,1,1
159021,1,1
159021,1,1
165168,-1,-1
165168,1,1
165168,1,1
165168,1,1
185566,1,-1
185566,1,1
185566,1,1
185566,1,1
107832,1,1
107832,1,1
107832,1,1
107832,1,1
146751,1,1
146751,1,1
146751,1,1
146751,1,1
156994,1,1
156994,1,1
156994,1,1
144709,1,1
144709,1,1
144709,1,1
3399,1,-1
3399,-1,-1
3399,1,-1
3399,1,1
3399,1,1
3399,1,1
159049,1,-1
159049,1,1
159049,1,1
159052,-1,-1
159052,1,1
159052,1,1
165204,-1,1
165204,-1,1
165204,-1,1
165204,1,1
107861,-1,-1
107861,-1,1
107861,-1,1
107861,1,1
107861,1,1
107861,1,1
181817,-1,1
181817,1,-1
181817,1,1
165092,-1,1
165092,-1,1
165092,1,1
144731,1,-1
144731,1,-1
144731,1,1
107868,1,-1
107868,1,1
107868,1,1
107868,1,1
107868,1,1
114027,1,1
114027,1,1
114027,1,1
114027,1,1
184788,-1,-1
184788,-1,1
184788,1,1
184788,1,1
184788,1,1
183528,1,1
183528,1,1
183528,1,1
183528,1,1
3446,-1,1
3446,1,1
3446,1,1
3446,1,1
3446,1,1
163193,1,1
163193,1,1
163193,1,1
169535,1,1
169535,1,1
169535,1,1
169535,1,1
111998,-1,-1
111998,-1,1
111998,-1,1
111998,-1,1
111998,-1,1
122250,-1,-1
122250,-1,-1
122250,-1,-1
122250,-1,-1
122250,-1,1
122250,1,1
122250,1,1
102750,1,-1
102750,1,1
102750,1,1
102750,1,1
102750,1,1
107929,-1,-1
107929,1,1
107929,1,1
107929,1,1
107934,-1,-1
107934,-1,-1
107934,1,1
107934,1,1
157088,1,1
157088,1,1
157088,1,1
165104,1,1
165104,1,1
165104,1,1
177573,1,1
177573,1,1
177573,1,1
157099,-1,-1
157099,1,1
157099,1,1
183538,-1,-1
183538,1,-1
183538,1,-1
183538,1,1
187822,1,-1
187822,1,1
187822,1,1
187822,1,1
187822,1,1
3503,-1,-1
3503,1,-1
3503,1,-1
3503,1,1
3503,1,1
187828,-1,-1
187828,1,1
187828,1,1
120245,1,1
120245,1,1
120245,1,1
120245,1,1
177591,1,1
177591,1,1
177591,1,1
105912,-1,-1
105912,1,-1
105912,1,-1
105912,1,-1
105912,1,1
152479,-1,-1
152479,-1,1
152479,1,1
3516,-1,-1
3516,-1,-1
3516,-1,-1
3516,1,1
187843,1,1
187843,1,1
187843,1,1
187843,1,1
124358,-1,-1
124358,-1,1
124358,1,1
1481,-1,-1
1481,-1,-1
1481,1,-1
187853,1,-1
187853,1,1
187853,1,1
1486,1,1
1486,1,1
1486,1,1
1486,1,1
187855,1,-1
187855,1,-1
187855,1,-1
187855,1,1
187857,1,-1
187857,1,1
187857,1,1
187857,1,1
187860,-1,-1
187860,1,-1
187860,1,1
187861,-1,-1
187861,-1,1
187861,-1,1
187861,-1,1
146682,1,1
146682,1,1
146682,1,1
187871,1,1
187871,1,1
187871,1,1
187872,1,-1
187872,1,-1
187872,1,1
108002,-1,-1
108002,-1,-1
108002,1,1
108002,1,1
108002,1,1
108002,1,1
187875,1,-1
187875,1,-1
187875,1,1
187876,1,1
187876,1,1
187876,1,1
187876,1,1
169553,1,1
169553,1,1
169553,1,1
187882,-1,-1
187882,1,1
187882,1,1
1516,-1,1
1516,-1,1
1516,1,1
1516,1,1
1516,1,1
1516,1,1
187890,1,1
187890,1,1
187890,1,1
187890,1,1
187890,1,1
187892,1,-1
187892,1,1
187892,1,1
187893,1,-1
187893,1,1
187893,1,1
187893,1,1
105044,-1,-1
105044,-1,1
105044,1,1
105044,1,1
122362,-1,-1
122362,1,-1
122362,1,-1
122362,1,-1
122362,1,1
122362,1,1
122362,1,1
122362,1,1
187989,-1,-1
187989,1,1
187989,1,1
187989,1,1
187989,1,1
165630,-1,1
165630,-1,1
165630,1,1
165630,1,1
187907,-1,-1
187907,-1,-1
187907,1,1
187907,1,1
187916,-1,1
187916,-1,1
187916,-1,1
187916,-1,1
187919,1,1
187919,1,1
187919,1,1
187920,-1,1
187920,1,1
187920,1,1
187920,1,1
3603,-1,-1
3603,-1,-1
3603,1,-1
3603,1,1
3603,1,1
187924,-1,-1
187924,1,-1
187924,1,1
187924,1,1
187924,1,1
187926,1,1
187926,1,1
187926,1,1
187926,1,1
1562,1,1
1562,1,1
1562,1,1
3613,-1,-1
3613,-1,1
3613,1,1
3613,1,1
3613,1,1
187935,-1,-1
187935,-1,-1
187935,-1,-1
187935,-1,-1
187935,-1,-1
181795,1,1
181795,1,1
181795,1,1
181795,1,1
181796,1,-1
181796,1,1
181796,1,1
3622,1,1
3622,1,1
3622,1,1
3622,1,1
3622,1,1
187944,1,-1
187944,1,-1
187944,1,-1
187944,1,-1
187945,1,-1
187945,1,1
187945,1,1
167466,-1,1
167466,1,1
167466,1,1
101931,-1,-1
101931,-1,-1
101931,-1,-1
101931,-1,1
2644,-1,-1
2644,1,-1
2644,1,1
2644,1,1
2644,1,1
2644,1,1
187953,-1,-1
187953,1,1
187953,1,1
187953,1,1
1586,-1,-1
1586,1,-1
1586,1,1
182537,-1,-1
182537,1,-1
182537,1,1
182537,1,1
169529,1,1
169529,1,1
169529,1,1
169531,-1,1
169531,-1,1
169531,-1,1
187965,-1,1
187965,-1,1
187965,1,1
187965,1,1
187967,-1,-1
187967,-1,-1
187967,1,-1
187967,1,1
187974,-1,-1
187974,-1,-1
187974,-1,-1
187974,-1,-1
187976,1,-1
187976,1,1
187976,1,1
187979,1,1
187979,1,1
187979,1,1
187979,1,1
169551,1,-1
169551,1,1
169551,1,1
187986,1,1
187986,-1,1
187986,1,1
187986,1,1
187987,-1,-1
187987,1,1
187987,1,1
1621,-1,-1
1621,-1,-1
1621,-1,1
173654,-1,-1
173654,-1,-1
173654,-1,-1
173654,-1,-1
106073,-1,-1
106073,-1,-1
106073,-1,-1
106073,-1,1
3677,1,1
3677,1,1
3677,1,1
3677,1,1
3677,1,1
161374,-1,-1
161374,1,-1
161374,-1,-1
180496,-1,1
180496,1,1
180496,1,1
188004,1,1
188004,1,1
188004,1,1
173669,-1,-1
173669,1,1
173669,1,1
173669,1,1
122475,1,-1
122475,1,-1
122475,1,-1
122475,1,-1
122475,1,-1
188012,-1,-1
188012,-1,1
188012,1,1
109842,-1,-1
109842,-1,-1
109842,-1,1
109842,1,1
109842,1,1
109842,1,1
188017,1,-1
188017,1,-1
188017,1,1
188017,1,1
108146,1,1
108146,1,1
108146,1,1
108146,1,1
188019,1,-1
188019,1,1
188019,1,1
188021,-1,-1
188021,1,-1
188021,1,-1
188021,1,1
161398,-1,1
161398,-1,1
161398,-1,1
188023,-1,-1
188023,1,1
188023,1,1
188023,1,1
161400,1,1
161400,1,1
161400,1,1
3705,1,1
3705,1,1
173690,-1,-1
173690,1,1
173690,1,1
173690,1,1
102014,1,-1
102014,1,1
102014,1,1
173696,-1,1
173696,1,1
173696,1,1
173696,1,1
188033,1,1
188033,1,1
188033,1,1
188033,1,1
188033,1,1
161411,1,1
161411,1,1
161411,1,1
110214,-1,-1
110214,-1,-1
110214,-1,1
110214,1,1
173704,-1,-1
173704,1,-1
173704,1,-1
1674,1,-1
1674,1,-1
1674,1,1
1674,1,1
122512,1,-1
122512,1,-1
122512,1,1
122512,1,1
122512,1,1
122512,1,1
106129,-1,-1
106129,1,1
106129,1,1
106129,1,1
179864,1,1
179864,1,1
179864,1,1
179864,1,1
179864,1,1
175773,1,-1
175773,1,-1
175773,1,1
175773,1,1
175775,1,1
175775,1,1
175775,1,1
175775,1,1
179873,-1,1
179873,-1,1
179873,-1,1
179874,1,1
179874,1,1
179874,1,1
3750,-1,1
3750,1,1
3750,1,1
3750,1,1
153256,-1,-1
153256,-1,-1
153256,-1,1
179888,1,-1
179888,1,1
179888,1,1
161459,-1,-1
161459,1,-1
161459,1,-1
161459,1,1
1720,-1,-1
1720,-1,1
1720,-1,1
1720,-1,1
1720,1,1
1720,1,1
3769,-1,1
3769,-1,1
3769,-1,1
3769,-1,1
179899,-1,1
179899,-1,1
179899,-1,1
102077,-1,-1
102077,-1,-1
102077,1,-1
102077,1,1
179902,-1,-1
179902,1,-1
179902,1,-1
179902,1,1
153280,1,1
153280,1,1
153280,1,1
179905,-1,-1
179905,1,1
179905,1,1
106178,1,-1
106178,1,-1
106178,1,-1
106178,1,1
3781,1,1
3781,1,1
3781,1,1
3781,1,1
1735,1,1
1735,1,1
1735,1,1
1735,1,1
1735,1,1
1739,-1,-1
1739,1,1
1739,1,1
1746,1,-1
1746,1,-1
1746,1,-1
1746,1,-1
175827,1,-1
175827,1,-1
175827,1,1
1748,1,1
1748,1,1
1748,1,1
1748,1,1
1748,1,1
3798,1,1
3798,1,1
3798,1,1
188025,1,-1
188025,1,-1
188025,1,-1
179931,1,1
179931,1,1
179931,1,1
165597,1,1
165597,1,1
165597,1,1
165597,1,1
1762,-1,-1
1762,1,1
1762,1,1
1762,1,1
179944,1,1
179944,1,-1
179944,1,1
179945,1,-1
179945,1,1
179945,1,1
179946,1,-1
179946,1,-1
179946,1,1
179946,1,1
175857,1,-1
175857,1,-1
175857,1,-1
153332,1,-1
153332,1,1
153332,1,1
188030,1,1
188030,1,1
188030,1,1
188030,1,1
110326,1,-1
110326,1,-1
110326,1,-1
110326,1,1
175863,1,1
175863,1,1
175863,1,1
165626,1,-1
165626,1,1
165626,1,1
1788,-1,-1
1788,-1,1
1788,-1,1
1788,1,1
179965,1,1
179965,1,1
179965,1,1
122622,1,1
122622,1,1
122622,1,1
122622,1,1
3712,1,-1
3712,1,-1
3712,1,-1
3712,1,-1
3712,1,-1
165639,1,1
165639,1,1
165639,1,1
165650,-1,-1
165650,-1,1
165650,-1,1
165650,1,1
180526,1,1
180526,1,1
180526,1,1
180526,1,1
1816,1,1
1816,1,1
1816,1,1
165659,-1,-1
165659,1,1
165659,1,1
165659,1,1
3868,1,-1
3868,1,1
3868,1,1
1823,-1,-1
1823,-1,1
1823,-1,1
1823,-1,1
175906,1,1
175906,1,1
175906,1,1
1829,1,-1
1829,1,1
1829,1,1
1829,1,1
105436,1,1
105436,1,1
105436,1,1
105436,1,1
175915,1,1
175915,1,1
175915,1,1
3884,1,-1
3884,1,-1
3884,1,1
3884,1,1
134958,1,-1
134958,1,-1
134958,1,1
187016,1,-1
187016,1,-1
187016,1,1
187016,1,1
1842,-1,-1
1842,1,1
1842,1,1
1850,-1,-1
1850,1,1
1850,1,1
171837,-1,-1
171837,-1,-1
171837,-1,-1
171837,1,1
186175,1,-1
186175,1,1
186175,1,1
186175,1,1
145219,-1,1
145219,-1,1
145219,-1,1
1860,-1,-1
1860,-1,1
1860,1,1
1860,1,1
3909,1,-1
3909,1,-1
3909,1,-1
3909,1,1
3949,1,1
3949,1,1
3949,1,1
3949,1,1
3949,1,1
175947,1,1
175947,1,1
175947,1,1
175949,-1,1
175949,1,1
175949,1,1
3918,1,1
3918,1,1
3918,1,1
3918,1,1
146744,1,1
146744,1,1
146744,1,1
146744,1,1
3925,-1,-1
3925,1,1
3925,1,1
3925,1,1
1880,-1,-1
1880,-1,1
1880,-1,1
1880,-1,1
145241,1,1
145241,1,1
145241,1,1
145246,-1,-1
145246,-1,-1
145246,1,1
106341,1,-1
106341,1,1
179857,1,1
179857,1,1
179857,1,1
106349,1,1
106349,1,1
106349,1,1
106349,1,1
106356,1,-1
106356,1,1
106356,1,1
106356,1,1
145272,1,-1
145272,1,1
145272,1,1
156308,1,-1
156308,1,1
156308,1,1
106364,-1,1
106364,-1,1
106364,1,1
106364,1,1
106364,1,1
118661,-1,-1
118661,-1,-1
118661,-1,1
118661,1,1
118661,1,1
118661,1,1
178055,1,1
178055,1,1
178055,1,1
147340,1,1
147340,1,1
147352,-1,1
147352,1,1
147352,1,1
147352,1,1
147352,1,1
186267,1,1
186267,1,1
186267,1,1
2033,1,-1
2033,1,1
2033,1,1
2033,1,1
147368,-1,1
147368,-1,1
147368,1,1
4012,-1,1
4012,-1,1
4012,-1,1
147375,1,1
147375,1,1
147375,1,1
147375,1,1
4017,-1,-1
4017,1,1
4017,1,1
4017,1,1
4020,1,-1
4020,1,1
4020,1,1
4020,1,-1
186293,1,1
186293,1,1
186293,1,1
186293,1,1
4024,-1,-1
4024,-1,1
4024,1,1
4024,1,1
4024,1,1
163773,-1,1
163773,-1,1
186302,1,-1
186302,1,1
186302,1,1
106485,-1,1
106485,-1,1
106485,-1,1
106485,-1,1
106485,-1,1
106485,-1,1
184776,1,1
184776,1,1
184776,1,1
147393,1,1
147393,1,1
147393,1,1
4034,-1,-1
4034,1,-1
4034,1,1
4034,1,1
4034,1,1
4034,1,1
186308,1,-1
186308,1,-1
186308,1,1
1989,-1,1
1989,-1,1
1989,-1,1
165842,1,1
165842,1,1
165842,1,1
165842,1,1
163801,1,1
163801,1,1
163801,1,1
163803,-1,-1
163803,1,-1
163803,1,1
163804,-1,-1
163804,1,1
163804,1,1
163804,1,1
165855,-1,1
165855,1,1
165855,1,1
4065,1,1
4065,1,1
4065,1,1
4065,1,1
4065,1,1
4065,1,1
163810,1,1
163810,1,1
163810,1,1
180902,1,1
180902,1,1
180902,1,1
147430,1,-1
147430,1,1
147430,1,1
112622,1,-1
112622,1,-1
112622,1,-1
112622,1,1
112622,1,1
112622,1,1
112622,1,1
112622,1,1
162472,1,-1
162472,1,1
162472,1,1
104435,-1,-1
104435,-1,-1
104435,1,1
104435,1,1
104435,1,1
112629,-1,-1
112629,-1,-1
112629,-1,-1
112629,1,1
112629,1,1
112629,1,1
118778,1,-1
118778,1,-1
118778,1,1
118778,1,-1
118778,1,-1
118778,1,1
184319,1,1
184319,1,1
184319,1,1
184319,1,1
184319,1,1
178176,-1,-1
178176,1,1
178176,1,1
178176,1,1
162816,1,1
162816,1,1
162816,1,1
4738,-1,-1
4738,-1,-1
4738,1,-1
4738,1,-1
4738,1,1
147466,-1,-1
147466,1,1
147466,1,1
147466,1,1
145421,1,-1
145421,1,1
145421,1,1
145424,1,-1
145424,1,-1
145424,1,1
145424,1,1
162136,1,1
162136,1,1
162136,1,1
184427,1,1
184427,1,1
184427,-1,1
184427,1,1
113326,-1,-1
113326,-1,-1
113326,1,-1
113326,1,1
113326,1,1
155679,1,-1
155679,1,1
155679,1,1
122914,-1,-1
122914,-1,-1
122914,-1,-1
122914,1,-1
122914,1,1
122914,1,1
122914,1,1
122914,1,1
155685,-1,-1
155685,1,-1
155685,1,-1
6182,-1,-1
6182,1,1
6182,1,1
6182,1,-1
6182,1,1
104487,-1,-1
104487,1,-1
104487,1,-1
104487,1,-1
104487,1,1
163881,-1,-1
163881,1,1
163881,1,1
122922,-1,-1
122922,-1,-1
122922,-1,-1
122922,-1,1
122922,1,1
122922,1,1
163889,1,1
163889,1,1
163889,1,1
163890,-1,-1
163890,1,1
163890,1,1
180038,-1,-1
180038,-1,-1
180038,1,1
163893,-1,-1
163893,1,-1
163893,1,-1
163893,1,1
106114,1,1
106114,1,1
106114,1,1
5129,1,1
5129,1,1
5129,1,1
5129,1,1
6200,-1,-1
6200,-1,-1
6200,-1,-1
6200,1,1
6200,1,1
106553,1,-1
106553,1,1
106553,1,1
163900,-1,-1
163900,1,1
163900,1,1
184383,1,1
184383,1,1
184383,1,1
184383,1,1
184385,-1,-1
184385,1,-1
184385,1,-1
184385,1,1
157193,-1,-1
157193,-1,1
157193,-1,1
184389,1,1
184389,-1,1
184389,1,1
184389,1,1
173409,-1,1
173409,1,-1
173409,1,1
102474,-1,-1
102474,1,-1
102474,1,-1
102474,1,-1
102474,1,1
163915,-1,1
163915,1,1
163915,1,1
106577,-1,-1
106577,1,1
106577,1,1
106577,1,1
163924,1,-1
163924,1,-1
163924,1,1
163924,1,1
102486,-1,-1
102486,1,-1
102486,1,1
102486,1,1
102486,1,1
102486,1,1
165980,1,1
165980,1,1
165980,1,1
165980,1,1
151646,1,1
151646,1,1
151646,1,1
165983,1,1
165983,1,1
165983,1,1
165983,1,1
6247,-1,-1
6247,1,-1
6247,1,-1
6247,1,1
187169,1,1
187169,1,1
187169,1,1
143466,-1,-1
143466,1,1
143466,1,1
165995,-1,-1
165995,-1,1
165995,1,1
165995,1,1
151660,1,-1
151660,1,1
151660,1,1
152594,1,-1
152594,1,1
121119,-1,-1
121119,-1,-1
121119,1,-1
121119,1,-1
121119,1,-1
121119,1,-1
121119,1,-1
121119,1,-1
166001,-1,1
166001,1,1
166001,1,1
166001,1,1
112754,1,-1
112754,1,-1
112754,-1,1
112754,1,1
112754,1,1
112754,1,1
5139,-1,-1
5139,1,-1
5139,1,1
5139,-1,1
106174,-1,-1
106174,-1,-1
106174,1,1
106174,1,1
184438,-1,-1
184438,1,-1
184438,1,1
184438,1,1
184439,-1,-1
184439,-1,1
184439,-1,1
184439,-1,1
106616,-1,-1
106616,1,1
106616,1,1
106616,1,-1
166009,1,-1
166009,1,-1
166009,1,1
166009,1,1
118907,-1,1
118907,1,1
118907,1,1
118907,1,1
118907,1,1
6271,-1,-1
6271,1,-1
6271,1,1
6271,1,1
166018,1,1
166018,1,1
166018,1,1
166018,1,1
6275,-1,-1
6275,-1,-1
6275,1,1
184454,1,1
184454,1,1
184454,1,1
184454,1,1
102538,-1,-1
102538,-1,-1
102538,-1,1
102538,-1,1
102538,-1,1
102538,-1,1
166027,1,1
166027,1,1
166027,1,1
6284,-1,-1
6284,-1,-1
6284,-1,-1
6284,-1,1
6284,-1,1
6284,-1,1
4983,-1,-1
4983,1,1
4983,1,1
4983,1,1
4983,1,1
168302,1,-1
168302,1,1
168302,1,1
188100,-1,-1
188100,1,-1
188100,1,1
4847,-1,-1
4847,-1,-1
4847,-1,-1
108705,-1,-1
108705,-1,-1
108705,-1,-1
108705,1,-1
151715,-1,1
151715,1,1
151715,1,1
151715,1,1
6310,-1,1
6310,1,1
6310,1,1
6310,1,1
6310,1,1
102569,-1,-1
102569,-1,-1
102569,1,1
102569,1,1
102569,1,1
112810,-1,-1
112810,-1,-1
112810,-1,-1
112810,1,1
6315,-1,-1
6315,-1,-1
6315,-1,-1
6315,-1,1
6315,-1,1
118956,1,1
118956,1,-1
118956,1,-1
118956,1,-1
118956,1,1
118956,1,1
6318,-1,-1
6318,1,-1
6318,1,-1
6318,1,1
6318,1,1
6319,-1,-1
6319,1,-1
6319,1,-1
6319,1,-1
6319,1,1
6320,-1,-1
6320,-1,-1
6320,-1,-1
6320,-1,-1
6320,1,-1
6320,1,1
6323,-1,-1
6323,-1,-1
6323,-1,-1
6323,-1,-1
6323,1,1
6323,1,1
104628,-1,-1
104628,-1,1
104628,-1,1
104628,1,1
151733,-1,-1
151733,1,1
151733,1,1
151733,1,1
184502,-1,-1
184502,1,1
184502,1,1
6327,-1,-1
6327,1,1
6327,1,1
6327,1,1
112824,-1,1
112824,-1,1
112824,-1,1
112824,-1,1
112824,-1,1
112824,-1,1
160799,1,1
160799,1,1
160799,1,1
6334,-1,-1
6334,1,-1
6334,1,-1
6334,1,1
6334,1,1
5493,1,-1
5493,1,1
5493,1,1
108736,1,-1
108736,1,1
108736,1,1
108736,1,1
4843,1,-1
4843,1,1
4843,1,-1
4843,1,1
151754,1,1
151754,1,1
151754,1,1
151757,-1,-1
151757,1,1
151757,1,1
6698,-1,-1
6698,-1,1
6698,1,1
6698,1,1
102618,-1,-1
102618,1,-1
102618,1,1
102618,1,1
102618,1,1
118821,-1,-1
118821,1,-1
118821,1,-1
118821,1,-1
118821,1,1
118821,1,1
118821,1,1
110816,-1,-1
110816,-1,1
110816,1,1
110816,1,1
110816,1,1
110816,1,1
110816,1,1
123106,-1,-1
123106,1,1
123106,1,1
123106,1,1
123106,1,1
102630,1,-1
102630,1,-1
102630,1,-1
102630,1,1
102630,1,1
102630,1,1
6375,-1,-1
6375,1,1
6375,1,1
6375,-1,1
6375,1,1
157928,1,-1
157928,1,1
157928,1,1
108778,1,-1
108778,1,1
108778,1,1
108778,1,1
6381,-1,-1
6381,1,1
6381,-1,1
6381,1,1
108783,-1,1
108783,-1,1
108783,-1,1
108783,-1,1
108783,-1,1
4819,-1,-1
4819,1,1
4819,1,1
6388,1,-1
6388,1,1
6388,1,1
6388,1,1
6388,1,1
6389,1,-1
6389,-1,1
6389,1,1
6389,1,1
139514,-1,-1
139514,-1,-1
139514,-1,1
102651,1,1
102651,1,1
102651,1,1
102651,1,1
102651,1,1
102651,1,1
6397,-1,1
6397,1,1
6397,1,1
6397,1,1
6400,-1,-1
6400,1,-1
6400,1,-1
6400,1,1
163337,1,1
163337,1,1
163337,1,1
102670,1,-1
102670,1,-1
102670,1,-1
102670,1,-1
5848,-1,-1
5848,1,1
5848,1,1
5848,1,1
5848,1,1
5848,1,1
151827,-1,1
151827,1,1
151827,1,1
4510,-1,-1
4510,-1,1
4510,1,1
4510,1,1
151833,-1,-1
151833,1,1
151833,1,1
6428,-1,-1
6428,1,-1
6428,1,1
6428,1,-1
6428,1,1
165253,1,1
165253,1,1
165253,1,1
157984,1,-1
157984,1,1
157984,1,1
162523,-1,-1
162523,1,1
162523,1,1
162523,1,1
149796,-1,-1
149796,-1,1
149796,-1,1
104743,-1,-1
104743,1,1
104743,1,1
106797,-1,-1
106797,-1,-1
106797,1,-1
106797,1,-1
123187,-1,-1
123187,-1,-1
123187,1,1
123187,1,1
123187,1,1
180535,1,-1
180535,-1,-1
180535,1,1
180535,1,1
117049,-1,-1
117049,-1,-1
117049,1,1
117049,1,1
117049,1,1
117049,1,1
149820,-1,-1
149820,1,1
149820,1,1
188094,-1,-1
188094,-1,-1
188094,-1,-1
188094,-1,-1
6465,1,-1
6465,1,-1
6465,1,-1
6465,1,-1
6465,1,-1
104770,-1,-1
104770,1,1
104770,1,1
104770,1,1
104770,1,1
146145,-1,-1
146145,1,-1
146145,1,1
121911,-1,-1
121911,-1,-1
121911,1,1
121911,1,1
149837,1,1
149837,1,1
149837,1,1
149837,1,1
168271,1,-1
168271,1,1
168271,1,1
102737,-1,1
102737,1,1
102737,1,1
102737,1,1
102737,1,1
103123,-1,-1
103123,1,1
103123,1,1
104791,-1,-1
104791,-1,-1
104791,1,1
104791,1,1
104791,1,1
109285,-1,-1
109285,-1,-1
109285,1,1
109285,1,1
162146,-1,1
162146,1,1
162146,1,1
162146,1,1
149859,-1,1
149859,1,1
149859,1,1
149859,1,1
6500,1,-1
6500,1,-1
6500,1,1
6500,1,1
168293,-1,1
168293,1,1
168293,1,1
6502,-1,-1
6502,-1,1
6502,-1,1
6502,-1,1
168298,-1,1
168298,1,1
168298,1,1
160711,-1,1
160711,1,1
160711,1,1
160711,1,1
6516,-1,-1
6516,1,-1
6516,1,-1
6516,1,1
6518,-1,-1
6518,-1,-1
6518,1,-1
6518,1,-1
162168,1,1
162168,1,1
162168,1,1
6522,-1,-1
6522,1,-1
6522,1,-1
6522,1,1
6522,1,1
104827,-1,-1
104827,1,-1
104827,1,1
104827,1,1
6526,-1,-1
6526,-1,-1
6526,-1,-1
6526,-1,1
6526,-1,1
103829,-1,-1
103829,1,1
103829,1,1
103829,1,1
162180,-1,1
162180,-1,1
162180,-1,1
159126,1,-1
159126,-1,1
159126,1,1
166342,-1,-1
166342,1,1
166342,1,1
6540,-1,1
6540,-1,1
6540,-1,1
6540,-1,1
6540,-1,1
6540,-1,1
117135,-1,-1
117135,1,-1
117135,1,1
117135,1,1
117135,1,1
102803,-1,1
102803,1,1
102803,1,1
102803,1,1
102803,1,1
6549,-1,-1
6549,1,-1
6549,1,-1
6549,1,1
6549,1,1
188173,1,-1
188173,1,1
188173,1,1
109295,-1,-1
109295,1,-1
109295,1,-1
109295,1,1
123294,-1,-1
123294,-1,-1
123294,-1,-1
123294,-1,1
4512,1,-1
4512,1,1
4512,1,1
4512,1,1
162210,-1,-1
162210,-1,-1
162210,-1,-1
162210,-1,-1
119195,-1,-1
119195,1,1
119195,1,1
119195,1,1
119195,1,1
162214,1,-1
162214,1,1
162214,1,1
176553,1,1
176553,-1,1
176553,1,1
104879,-1,-1
104879,1,1
104879,1,1
104879,1,1
182705,1,1
182705,1,1
182705,1,1
7243,-1,-1
7243,1,1
7243,-1,1
7243,1,1
162206,1,-1
162206,1,-1
162206,1,1
102839,1,1
102839,1,1
102839,1,1
102839,1,1
170424,1,1
170424,1,1
170424,1,1
176571,-1,-1
176571,-1,-1
182717,-1,-1
182717,1,1
182717,1,1
100799,1,1
100799,1,1
100799,1,1
100799,1,1
188865,1,1
188865,1,1
188865,1,1
6219,-1,-1
6219,-1,-1
6219,1,1
6219,1,1
6219,1,1
6597,-1,-1
6597,-1,-1
6597,1,-1
6597,1,1
6597,1,1
6597,1,1
121288,-1,1
121288,-1,1
121288,-1,1
121288,-1,1
121288,-1,1
121288,-1,1
188875,-1,1
188875,1,1
188875,1,1
188875,1,1
4556,-1,-1
4556,-1,1
4556,1,1
4556,1,1
188878,-1,1
188878,1,1
188878,1,1
188879,1,-1
188879,1,1
188879,1,1
188880,-1,-1
188880,1,1
188880,-1,1
170449,-1,1
170449,1,1
170449,1,1
188882,1,1
188882,1,1
188882,1,1
188882,1,1
170453,-1,-1
170453,-1,1
170453,-1,1
170453,-1,1
188886,-1,-1
188886,1,1
188886,1,1
188886,1,1
5540,-1,-1
5540,-1,-1
5540,-1,1
5540,-1,1
5540,-1,1
4570,-1,-1
4570,1,-1
4570,1,-1
4570,1,-1
4570,1,1
102875,-1,-1
102875,-1,-1
102875,1,-1
102875,1,1
102875,1,1
188892,-1,-1
188892,-1,-1
188892,-1,1
188893,-1,1
188893,1,1
188893,1,1
166367,1,-1
166367,1,-1
176611,1,1
176611,1,1
188901,1,1
188901,1,1
188901,1,1
6225,-1,-1
6225,-1,1
6225,1,1
6225,1,1
6225,1,1
166377,1,-1
166377,1,1
166377,1,1
174571,1,1
174571,1,1
174571,1,1
174571,1,1
188908,1,1
188908,1,1
188908,1,1
188908,1,1
188910,-1,-1
188910,1,-1
188910,1,1
188911,-1,-1
188911,1,1
188911,1,1
178673,1,1
178673,-1,1
181485,-1,1
181485,1,-1
181485,1,1
188918,1,-1
188918,1,1
188918,1,1
102904,1,-1
102904,1,-1
102904,1,-1
102904,1,-1
188921,-1,-1
188921,1,1
188921,1,1
188921,1,1
161535,1,1
161535,1,1
161535,1,1
104956,-1,-1
104956,1,1
104956,1,1
104956,1,1
100862,1,-1
100862,1,1
100862,-1,1
100862,1,1
100862,1,1
172544,1,1
172544,1,1
172544,1,1
172544,1,1
172546,-1,1
172546,-1,1
172546,-1,1
172548,1,-1
172548,1,-1
172548,1,1
100869,1,1
100869,1,1
100869,1,1
4614,1,1
4614,-1,-1
4614,-1,-1
4614,1,1
4614,1,1
4614,1,1
4614,1,1
109061,-1,-1
109061,-1,-1
109061,1,-1
109061,1,1
6668,1,-1
6668,1,-1
6668,-1,-1
6668,1,-1
6668,1,1
6668,1,1
6672,-1,-1
6672,-1,1
6672,1,1
6672,1,1
6672,1,1
4625,-1,-1
4625,1,1
4625,1,1
4625,1,1
4625,1,1
4625,1,1
143891,1,-1
143891,1,-1
143891,1,1
143891,1,1
188085,1,1
188085,1,1
188085,1,1
188085,1,1
188085,1,1
4632,-1,-1
4632,1,1
4632,1,1
4632,1,1
102937,-1,-1
102937,1,-1
102937,1,-1
102937,1,-1
6682,1,1
6682,1,1
6682,1,1
6682,1,1
6682,1,1
6682,1,1
182811,-1,-1
182811,1,1
182811,1,1
4636,-1,-1
4636,-1,-1
4636,-1,-1
4636,-1,-1
6686,1,1
6686,1,1
6686,1,1
6686,1,1
6686,1,1
6686,1,1
6688,-1,-1
6688,-1,-1
6688,1,-1
6688,-1,1
6688,1,1
6689,-1,-1
6689,-1,-1
6689,1,-1
6689,1,-1
4642,-1,1
4642,1,1
4642,1,1
123429,-1,-1
123429,-1,-1
123429,1,-1
123429,1,-1
123429,1,-1
123429,1,1
6696,-1,-1
6696,-1,-1
6696,1,-1
6696,1,-1
6696,1,1
6696,1,1
107050,-1,-1
107050,1,-1
107050,1,1
107050,1,1
107050,1,1
4651,1,-1
4651,-1,-1
4651,1,1
4651,1,1
4652,1,1
4652,1,1
4652,1,1
6702,-1,-1
6702,1,1
6702,1,1
6702,1,1
6702,1,1
4656,-1,-1
4656,1,1
4656,1,1
4656,1,1
4659,-1,-1
4659,1,-1
4659,1,1
4659,1,1
4660,-1,1
4660,1,1
4660,1,1
4660,1,1
4660,1,1
105015,-1,-1
105015,-1,-1
105015,1,1
105015,1,1
105015,1,1
102968,-1,1
102968,1,1
102968,1,1
102968,1,1
164411,1,1
164411,-1,1
102975,-1,-1
102975,1,1
102975,1,1
102975,1,1
105025,-1,-1
105025,1,-1
105025,1,1
105025,1,1
105033,-1,-1
105033,1,1
105033,1,1
105033,1,1
105033,1,1
164426,-1,1
164426,1,1
164426,1,1
164426,1,1
164427,1,-1
164427,1,1
6733,-1,-1
6733,-1,-1
6733,-1,-1
6733,-1,1
6733,-1,1
6733,-1,1
117517,-1,-1
117517,-1,1
117517,-1,1
117517,-1,1
181420,1,1
181420,1,1
181420,1,1
6305,1,1
6305,-1,-1
6305,1,1
6305,1,1
6305,1,1
6743,-1,-1
6743,1,-1
6743,1,1
6743,1,1
6743,1,1
6745,-1,-1
6745,1,1
6745,1,1
6745,1,1
6745,1,1
155502,1,1
155502,1,1
155502,1,1
4699,1,1
4699,1,1
4699,1,1
103008,-1,-1
103008,-1,-1
103008,-1,-1
103008,-1,-1
103008,1,-1
103008,1,-1
6754,-1,-1
6754,-1,-1
6754,1,1
164453,-1,-1
164453,1,1
164453,1,-1
164456,-1,-1
164456,1,1
164456,1,1
117354,-1,-1
117354,-1,-1
117354,-1,1
117354,-1,1
117354,1,1
121451,1,-1
121451,1,-1
121451,1,-1
121451,1,-1
121451,1,-1
164462,1,1
164462,1,1
164462,1,1
6768,-1,-1
6768,-1,-1
6768,1,-1
6768,1,1
6931,-1,-1
6931,1,1
6931,1,1
6931,1,1
4724,-1,-1
4724,1,-1
4724,1,1
4726,1,1
4726,1,1
4726,1,1
6919,-1,1
6919,1,1
6919,1,1
6919,1,1
6919,1,1
164476,1,-1
164476,1,-1
164476,1,1
164476,1,1
6781,-1,1
6781,-1,1
6781,-1,1
107137,-1,-1
107137,-1,-1
107137,-1,-1
107137,-1,-1
107137,-1,1
164482,-1,-1
164482,1,-1
164482,-1,1
164484,1,1
164484,1,1
164484,1,1
164484,1,1
109189,1,1
109189,1,1
109189,1,1
141761,-1,1
141761,1,1
141761,1,1
154248,1,1
154248,1,1
154248,1,1
6793,-1,-1
6793,-1,-1
6793,-1,-1
6793,1,-1
154251,1,1
154251,1,1
154251,1,1
154253,1,1
154253,1,1
154253,1,1
154257,1,1
154257,1,1
154257,1,-1
4755,1,1
4755,1,1
4755,1,1
4755,1,1
6806,1,-1
6806,1,1
6806,1,1
6806,1,1
6806,1,1
6806,1,1
148122,-1,-1
148122,-1,-1
148122,-1,-1
101022,-1,-1
101022,-1,-1
101022,-1,-1
101022,-1,-1
101022,1,1
141765,-1,1
141765,1,1
141765,1,1
6598,-1,-1
6598,-1,1
6598,1,1
6598,1,1
118897,-1,-1
118897,-1,-1
118897,1,1
118897,1,1
109230,1,-1
109230,1,1
109230,1,1
109230,1,1
161510,1,1
161510,1,1
161510,1,1
164533,1,1
164533,1,1
164533,1,1
164534,1,1
164534,1,1
164534,1,1
109243,1,-1
109243,1,1
109243,1,1
109243,1,1
109243,1,1
176831,1,-1
176831,1,1
176831,1,1
6849,1,-1
6849,1,1
6849,1,1
6849,1,1
109254,-1,-1
109254,-1,-1
109254,1,1
109254,1,1
5921,1,-1
5921,1,1
5921,1,1
5921,1,1
5921,1,1
103113,-1,-1
103113,-1,-1
103113,-1,1
103113,-1,1
103113,-1,1
103113,-1,1
154319,-1,-1
154319,1,1
154319,1,1
180947,1,1
180947,1,1
180947,1,1
180947,1,1
177614,-1,1
177614,-1,1
177614,-1,1
180954,1,1
180954,1,1
180954,1,1
166351,1,-1
166351,1,1
166351,1,1
166351,1,1
6876,-1,-1
6876,1,1
6876,1,1
6876,1,1
6876,1,1
180959,-1,-1
180959,1,1
180959,1,1
180960,1,-1
180960,1,1
180960,1,1
180960,1,1
156386,1,1
156386,1,1
156386,1,1
166011,-1,-1
166011,1,-1
166011,1,-1
166011,1,-1
156388,1,-1
156388,1,1
156388,1,1
156389,-1,-1
156389,-1,-1
4840,-1,-1
4840,1,1
4840,1,1
4840,1,1
4841,1,1
4841,1,1
4841,1,1
4841,1,1
6890,1,-1
6890,1,1
6890,1,1
103147,-1,-1
103147,-1,-1
103147,-1,-1
103147,-1,-1
4562,1,-1
4562,1,1
4562,1,1
113397,-1,-1
113397,1,-1
113397,1,-1
113397,1,-1
113397,1,-1
113397,1,-1
113397,1,-1
109303,1,-1
109303,1,1
109303,1,1
109303,1,1
117204,-1,-1
117204,1,-1
117204,1,-1
117204,1,1
117204,1,1
4860,-1,-1
4860,1,-1
4860,1,1
4860,1,1
187178,-1,-1
187178,1,-1
187178,1,1
187178,1,1
188885,-1,-1
188885,1,-1
188885,1,1
109313,-1,-1
109313,1,1
109313,1,1
109313,1,1
113415,-1,-1
113415,-1,-1
113415,-1,-1
113415,1,-1
181000,-1,1
181000,1,1
181000,1,1
181000,1,1
170924,1,1
170924,1,1
4877,-1,-1
4877,-1,-1
4877,1,1
4877,1,1
4877,1,1
105232,-1,1
105232,1,1
105232,1,1
105232,-1,1
105232,1,1
105232,1,1
109331,-1,1
109331,-1,-1
109331,1,1
109331,1,1
109331,1,1
4885,1,1
4885,1,1
4885,1,1
4885,1,1
4885,1,1
4889,-1,-1
4889,-1,1
4889,-1,1
4889,-1,1
4889,-1,1
6938,-1,-1
6938,1,1
6938,1,1
6938,1,1
188890,-1,-1
188890,-1,1
188890,1,1
187167,1,1
187167,1,1
187167,1,1
107312,-1,-1
107312,1,-1
107312,1,1
107312,1,1
166363,-1,-1
166363,1,1
166363,1,1
115492,-1,-1
115492,-1,-1
115492,1,-1
115492,1,-1
115492,1,1
107301,1,-1
107301,1,1
107301,1,1
107301,1,1
4902,1,-1
4902,1,1
4902,1,1
4902,1,1
4902,1,1
187175,-1,-1
187175,1,1
187175,1,1
187175,1,1
4904,-1,-1
4904,-1,-1
4904,1,-1
4904,1,1
4904,1,1
187177,-1,-1
187177,1,1
187177,-1,1
4906,1,1
4906,1,1
4906,1,1
4906,1,1
4906,1,1
4906,1,1
184455,-1,-1
184455,1,1
184455,1,1
184455,1,1
107308,1,-1
107308,1,1
107308,1,1
107308,1,1
187183,1,1
187183,1,1
187183,1,1
187183,1,1
6960,-1,-1
6960,1,-1
6960,1,1
6960,1,1
6963,1,1
6963,1,-1
6963,1,1
6963,1,1
106975,1,1
106975,-1,1
106975,1,1
106975,1,1
106975,1,1
187200,1,-1
187200,1,1
187200,1,1
187200,1,1
185153,-1,-1
185153,1,1
185153,1,1
185153,1,1
6978,-1,-1
6978,1,1
6978,1,1
6978,1,1
183656,1,-1
183656,1,1
183656,1,1
6983,1,-1
6983,-1,1
6983,1,1
6983,1,1
109385,-1,-1
109385,1,-1
109385,1,1
109385,1,1
109385,1,1
180023,-1,-1
180023,-1,-1
180023,1,1
180023,1,1
180023,1,1
162811,1,-1
162811,1,1
162811,1,1
136018,-1,-1
136018,1,-1
136018,1,1
101204,1,1
101204,1,-1
101204,1,1
101204,1,1
101204,1,1
7011,-1,-1
7011,-1,-1
7011,-1,-1
7011,1,1
7011,1,1
4969,-1,-1
4969,1,1
4969,1,1
4969,1,1
4969,1,1
174567,1,1
174567,1,1
174567,1,1
4980,1,1
4980,1,1
4980,1,1
4980,1,1
4980,1,1
4981,1,-1
4981,1,-1
4981,1,-1
4981,1,-1
103287,-1,-1
103287,-1,-1
103287,1,1
103287,1,1
103287,1,1
103287,1,1
7032,-1,1
7032,1,1
7032,1,1
7032,1,1
5816,-1,-1
5816,1,-1
5816,1,-1
5816,1,1
107393,1,1
107393,1,1
107393,1,1
107393,1,1
105347,1,1
105347,1,1
105347,1,1
105347,1,1
105347,1,1
5003,-1,-1
5003,-1,-1
5003,1,-1
5003,1,-1
5003,1,1
5003,1,1
5004,-1,-1
5004,-1,-1
5004,1,-1
5004,1,-1
113660,-1,-1
113660,1,-1
113660,1,1
113660,1,1
187203,-1,1
187203,1,1
187203,1,1
187203,1,1
187203,1,1
106990,1,-1
106990,1,-1
106990,1,-1
106990,1,-1
170902,-1,-1
170902,1,1
170902,1,1
109464,-1,-1
109464,1,1
109464,1,1
109464,1,1
7066,-1,1
7066,-1,1
7066,-1,1
7066,-1,1
7066,-1,1
7066,-1,1
7069,-1,-1
7069,1,1
7069,1,1
7069,1,1
117662,-1,-1
117662,-1,1
117662,-1,-1
117662,1,1
117662,1,1
7072,-1,-1
7072,1,-1
7072,1,-1
7072,1,1
5029,-1,-1
5029,-1,-1
5029,-1,-1
5029,-1,-1
5029,-1,-1
5029,1,-1
168870,1,1
168870,1,1
168870,1,1
107431,1,-1
107431,1,1
107431,1,1
107431,1,1
179356,1,-1
179356,1,1
179356,1,1
5036,-1,-1
5036,1,-1
5036,1,-1
5036,1,1
5036,1,1
136112,-1,1
136112,1,1
168884,-1,-1
168884,-1,-1
168884,-1,-1
105398,1,1
105398,1,1
105398,1,1
105398,1,1
107447,-1,-1
107447,1,1
107447,1,1
107447,1,1
113595,1,-1
113595,1,-1
113595,1,-1
113595,1,-1
113595,1,-1
113595,1,-1
160700,-1,-1
160700,1,1
160700,1,1
166846,1,1
166846,1,1
166846,1,1
166846,1,1
109503,1,-1
109503,1,-1
109503,1,1
109503,1,1
160707,-1,-1
160707,1,1
160707,1,1
160707,1,1
4598,1,1
4598,1,1
4598,1,1
162529,-1,-1
162529,1,1
162529,1,1
162529,1,1
151713,1,1
151713,1,1
151713,1,1
5065,-1,-1
5065,1,-1
5065,1,-1
5065,1,-1
5065,1,-1
5065,1,-1
188920,-1,-1
188920,-1,-1
188920,1,-1
160725,1,-1
160725,1,-1
160725,1,1
7127,-1,-1
7127,1,1
7127,1,1
7127,1,1
7127,1,1
7127,1,1
7127,1,1
5081,-1,-1
5081,1,1
5081,1,1
5081,1,1
5081,1,1
106418,-1,-1
106418,1,1
106418,1,1
160740,1,-1
160740,1,1
160740,1,1
113830,-1,-1
113830,-1,-1
113830,1,-1
113830,1,1
113830,1,1
101356,-1,-1
101356,-1,-1
101356,1,1
101356,1,1
101356,1,1
173038,1,1
173038,1,1
173038,1,1
173041,-1,-1
173041,1,1
173041,1,1
173043,1,-1
173043,1,-1
173043,1,1
173043,1,1
7160,-1,-1
7160,1,1
7160,1,1
7160,1,1
173049,1,1
173049,1,1
173049,1,1
173049,1,1
7163,-1,-1
7163,-1,1
7163,-1,1
7163,-1,1
168956,-1,-1
168956,1,1
168956,1,1
7166,-1,-1
7166,-1,-1
7166,-1,-1
7166,-1,-1
7166,-1,-1
5121,-1,1
5121,1,1
5121,1,1
105479,-1,-1
105479,-1,-1
105479,-1,-1
105479,-1,-1
7176,-1,-1
7176,1,1
7176,1,1
7176,1,1
7176,1,1
6316,-1,-1
6316,-1,-1
6316,-1,-1
6316,1,1
6316,1,1
6316,1,1
7178,-1,1
7178,-1,-1
7178,-1,1
7178,-1,1
7180,-1,-1
7180,-1,-1
7180,1,-1
7180,1,1
7180,1,1
5136,-1,-1
5136,1,1
5136,-1,1
5136,-1,1
113681,-1,-1
113681,1,1
113681,1,1
113681,1,1
184521,1,-1
184521,1,1
184521,1,1
105503,1,1
105503,1,1
105503,1,1
105503,1,1
105503,1,1
5157,-1,-1
5157,1,1
5157,1,1
5157,1,1
5157,1,1
160806,1,1
160806,1,1
162856,-1,1
162856,1,1
162856,1,1
5161,-1,-1
5161,-1,-1
5161,-1,-1
5161,-1,-1
5161,-1,-1
160810,-1,-1
160810,-1,-1
160810,-1,-1
104632,-1,1
104632,1,1
104632,1,1
104632,1,1
104632,1,1
134191,1,-1
134191,1,-1
134191,1,-1
7218,-1,-1
7218,-1,-1
7218,-1,-1
7218,-1,-1
7223,-1,-1
7223,-1,-1
7223,1,1
7223,1,1
152636,1,1
152636,1,1
152636,1,1
162877,-1,1
162877,1,1
162877,1,1
181429,1,1
181429,1,1
181429,1,1
181429,1,1
7232,-1,1
7232,1,1
7232,1,1
7232,1,1
103489,-1,-1
103489,1,1
103489,1,1
103489,1,1
103489,1,1
162884,1,1
162884,1,1
162884,1,1
162884,1,1
162886,1,-1
162886,1,-1
180065,1,-1
180065,1,1
180065,1,1
188870,-1,-1
188870,-1,-1
188870,-1,1
175177,1,-1
175177,1,1
175177,1,1
184503,-1,-1
184503,-1,-1
184503,-1,-1
184503,-1,-1
184503,1,1
5198,-1,-1
5198,1,-1
5198,1,1
5198,1,1
5198,1,1
175185,-1,1
175185,1,1
175185,1,1
175185,1,1
154716,-1,1
154716,1,1
154716,1,1
7261,1,-1
7261,1,-1
7261,1,-1
7261,1,1
7261,1,1
5214,-1,-1
5214,1,1
5214,1,1
5214,1,1
5214,1,1
5216,-1,-1
5216,1,1
5216,-1,1
152674,-1,-1
152674,1,1
152674,1,1
7269,-1,-1
7269,-1,1
7269,-1,1
7269,-1,1
7269,-1,1
7270,1,-1
7270,1,1
7270,1,1
7270,1,1
7270,1,1
158824,1,-1
158824,1,1
158824,1,1
5225,1,1
5225,1,-1
5225,1,1
5225,1,1
5225,1,1
154747,-1,-1
154747,1,-1
154747,1,-1
152700,1,1
152700,1,1
152700,1,1
157229,1,1
157229,1,1
157229,1,1
157229,1,1
7298,1,1
7298,1,1
7298,1,1
7298,1,1
173046,1,1
173046,1,1
173046,1,1
101515,-1,-1
101515,-1,1
101515,1,1
101515,1,1
101515,1,1
5260,1,1
5260,1,1
5260,1,1
105110,1,1
105110,1,1
105110,1,1
105110,1,1
7310,1,-1
7310,-1,1
7310,1,1
7310,1,1
7310,1,1
175982,1,1
175982,1,1
175982,1,1
102897,-1,-1
102897,-1,1
102897,-1,1
122009,-1,-1
122009,-1,-1
122009,-1,1
122009,1,1
122009,1,1
103580,1,-1
103580,1,-1
103580,1,-1
103580,1,1
103580,1,1
103580,1,1
179359,-1,-1
179359,-1,1
179359,-1,1
106970,-1,-1
106970,1,-1
106970,1,1
106970,1,1
106970,1,1
179362,1,1
179362,1,1
179362,1,1
154789,1,1
154789,1,1
154789,1,1
179366,-1,1
179366,-1,1
179366,-1,1
179372,-1,-1
179372,-1,1
179372,1,1
113621,1,1
113621,1,1
113621,1,1
113621,1,1
154802,1,-1
154802,1,-1
154802,1,1
7348,-1,-1
7348,-1,-1
7348,1,1
7348,1,1
7348,1,1
163358,1,1
163358,1,1
163358,1,1
179383,-1,1
179383,1,1
179383,1,1
179383,1,1
107706,1,1
107706,-1,1
107706,-1,1
107706,1,1
107706,1,1
107706,1,1
179387,1,1
179387,1,1
179387,1,1
136053,1,-1
136053,1,-1
136053,1,1
136053,1,1
101568,-1,-1
101568,-1,-1
101568,-1,1
101568,1,1
101568,1,1
101568,1,1
143904,1,-1
143904,1,1
143904,1,1
152774,-1,1
152774,1,1
152774,1,1
177697,-1,-1
177697,-1,1
177697,-1,1
101578,-1,-1
101578,1,-1
101578,1,-1
101578,1,1
101578,1,1
5325,1,1
5325,1,1
5325,1,1
182737,-1,-1
182737,1,1
182737,1,1
182737,1,1
101589,-1,-1
101589,-1,-1
101589,1,-1
101589,1,1
101589,1,1
101589,1,1
179416,1,-1
179416,1,1
179416,1,1
122074,-1,1
122074,1,1
122074,1,1
122074,1,1
122074,1,1
122074,1,1
179421,1,-1
179421,1,1
179421,1,1
179421,1,1
179428,-1,-1
179428,1,1
179428,1,1
179428,1,1
113894,-1,-1
113894,-1,-1
113894,-1,-1
113894,-1,1
113894,-1,1
4988,-1,-1
4988,-1,1
4988,-1,1
4988,-1,1
150765,-1,-1
150765,1,-1
150765,-1,-1
150765,-1,-1
140526,1,-1
140526,-1,1
140526,1,1
103667,1,-1
103667,1,1
103667,1,1
103667,1,1
113910,-1,-1
113910,-1,-1
113910,-1,-1
113910,-1,-1
113910,1,1
113910,1,1
5566,-1,-1
5566,1,1
5566,1,1
5566,1,1
179448,1,-1
179448,1,-1
179448,1,1
179450,1,1
179450,1,1
179450,1,1
153471,1,-1
153471,-1,1
153471,1,1
102954,-1,-1
102954,-1,-1
102954,-1,1
102954,-1,1
102954,-1,1
179454,1,1
179454,1,1
179454,1,1
5384,-1,-1
5384,-1,-1
5384,1,1
5384,1,1
5384,1,1
122121,-1,-1
122121,-1,-1
122121,-1,-1
122121,1,1
122121,1,1
101642,-1,-1
101642,-1,-1
101642,1,-1
101642,1,-1
101642,1,1
5389,1,-1
5389,1,1
5389,1,1
171279,1,-1
171279,1,-1
171279,1,1
5393,1,1
5393,1,1
5393,1,1
109847,-1,1
109847,1,1
109847,1,1
109847,1,1
107315,-1,-1
107315,1,1
107315,-1,1
107315,1,1
107315,1,1
109103,-1,-1
109103,1,1
109103,1,1
109103,1,1
109103,1,1
101663,-1,-1
101663,-1,-1
101663,1,-1
101663,1,1
101663,1,1
101663,1,1
101663,1,1
5408,-1,1
5408,-1,1
5408,-1,1
5408,-1,1
103713,-1,-1
103713,-1,-1
103713,1,-1
103713,1,1
5410,1,1
5410,1,1
5410,1,1
188059,-1,1
188059,-1,1
188059,-1,1
5413,1,-1
5413,-1,-1
5413,1,-1
183598,-1,-1
183598,1,1
183598,1,1
183598,1,1
183599,1,1
183599,1,1
183599,1,1
183599,1,1
183601,-1,-1
183601,1,1
183601,1,1
183601,1,1
183602,-1,-1
183602,1,1
183602,1,1
183602,1,1
140596,-1,-1
140596,-1,-1
184377,1,-1
184377,1,1
184377,1,1
184377,1,1
171319,-1,-1
171319,1,1
171319,1,1
171320,1,1
171320,1,1
171320,1,1
171320,1,1
183611,-1,-1
183611,1,1
183611,1,1
183616,-1,-1
183616,1,1
183616,1,1
183616,1,1
183618,-1,1
183618,1,1
183618,1,1
5444,1,-1
5444,1,1
5444,1,1
183621,-1,-1
183621,1,-1
183621,1,-1
183621,1,1
183622,1,1
183622,1,1
183622,1,1
183623,-1,1
183623,1,1
183623,1,1
183626,-1,-1
183626,-1,1
183626,-1,1
183626,-1,1
183628,1,1
183628,1,1
183628,1,1
183628,1,1
173391,1,-1
173391,1,1
173391,1,1
140624,1,-1
140624,1,1
140624,1,1
150868,-1,1
150868,1,1
150868,1,1
122197,-1,-1
122197,1,-1
122197,1,1
122197,1,1
183642,1,-1
183642,1,-1
183642,1,1
183642,1,1
183643,1,1
183643,1,1
183643,1,1
183643,1,1
183646,-1,-1
183646,1,-1
183646,1,1
183646,1,1
103777,1,-1
103777,1,-1
103777,1,1
103777,1,1
103777,1,1
140642,-1,-1
140642,-1,-1
140642,1,-1
157926,-1,-1
157926,1,1
157926,1,1
165222,1,1
165222,-1,1
165222,1,1
165222,1,1
165222,1,1
150888,-1,-1
150888,1,-1
150888,1,1
109933,-1,-1
109933,-1,-1
109933,1,-1
109933,1,-1
109933,1,1
148846,-1,-1
148846,-1,-1
148846,-1,-1
148846,-1,-1
183663,1,1
183663,1,1
183663,1,1
183663,1,1
183665,-1,-1
183665,1,-1
183665,1,1
183665,1,1
173426,1,-1
173426,1,1
173426,-1,1
183667,1,1
183667,1,1
183667,1,1
173429,1,1
173429,-1,-1
173429,1,1
173429,1,1
183671,-1,-1
183671,1,1
183671,1,1
5496,-1,1
5496,-1,1
5496,-1,1
5498,-1,-1
5498,1,1
5498,1,1
5499,1,-1
5499,1,1
5499,1,1
5499,1,1
111996,-1,-1
111996,1,1
111996,1,1
111996,1,1
160661,1,1
160661,1,1
160661,1,1
5505,1,-1
5505,1,1
5505,1,1
5505,1,1
5507,1,-1
5507,1,1
5507,1,1
165252,-1,-1
165252,-1,1
165252,-1,1
165252,-1,1
109957,-1,-1
109957,1,-1
109957,1,1
109957,1,1
107910,-1,-1
107910,1,-1
107910,1,1
107910,1,1
107910,1,1
144777,-1,-1
144777,1,-1
144777,1,1
144777,1,1
165259,1,1
165259,1,1
165259,1,1
165259,1,1
178106,-1,1
178106,-1,1
178106,-1,1
183696,1,1
183696,1,-1
183696,1,-1
183696,1,1
165265,-1,-1
165265,1,1
165265,1,1
165265,1,1
120213,-1,-1
120213,-1,-1
120213,1,-1
120213,1,-1
120213,1,1
5526,-1,-1
5526,1,1
5526,1,1
5526,1,1
5528,-1,-1
5528,1,1
5528,1,-1
5528,1,1
5528,1,1
148895,-1,-1
148895,1,1
148895,1,1
103840,-1,-1
103840,1,-1
103840,1,1
103840,1,1
103840,1,1
159140,-1,-1
159140,-1,-1
159140,1,-1
159140,1,1
159140,1,1
165287,1,1
165287,1,1
165287,1,1
159148,-1,1
159148,1,1
159149,1,1
159149,1,1
159149,1,1
159150,-1,-1
159150,1,-1
159150,-1,1
159150,1,1
183728,-1,-1
183728,1,1
183728,1,1
177595,-1,-1
177595,1,1
177595,1,1
120254,-1,-1
120254,-1,-1
120254,1,1
120254,1,1
5568,1,1
5568,1,1
5568,1,1
165313,1,1
165313,1,1
165313,1,1
113227,1,-1
113227,1,1
113227,1,1
155076,1,1
5575,-1,-1
5575,-1,-1
5575,1,-1
5575,1,-1
5575,1,-1
5575,1,1
177612,1,-1
177612,1,1
177612,1,1
6051,-1,-1
6051,-1,-1
6051,-1,-1
6051,1,1
6051,1,1
6051,1,1
114133,1,1
114133,1,1
114133,1,1
114133,1,1
177631,-1,1
177631,1,1
177631,1,1
177631,1,1
159191,1,1
159191,1,1
159191,1,1
109981,-1,-1
109981,1,-1
109981,-1,-1
109981,1,1
6735,1,-1
6735,1,-1
6735,1,-1
6735,1,-1
6735,1,1
6735,1,1
107999,-1,-1
107999,1,1
107999,1,1
177638,-1,1
177638,-1,1
177638,-1,1
152672,1,1
152672,1,1
152672,1,1
5031,1,-1
5031,-1,-1
5031,1,1
5031,1,1
5031,1,1
5031,1,1
120300,-1,-1
120300,1,-1
120300,1,-1
120300,1,-1
157167,1,1
157167,-1,1
157167,1,1
105969,1,1
105969,1,1
105969,1,1
105969,1,1
152699,-1,-1
152699,-1,-1
152699,-1,-1
166825,1,1
166825,1,1
166825,1,1
177659,1,1
177659,1,1
177659,1,1
120317,-1,-1
120317,-1,-1
120317,-1,-1
120317,1,-1
120317,1,1
120317,1,1
142846,1,1
142846,1,1
142846,1,1
161470,-1,1
161470,1,1
161470,1,1
161470,1,1
104704,-1,-1
104704,-1,-1
104704,1,1
104704,1,1
104704,1,1
163330,-1,-1
163330,1,1
163330,1,1
120328,-1,-1
120328,1,-1
120328,1,1
120328,1,1
5641,-1,-1
5641,-1,-1
5641,1,1
5641,1,1
5641,1,1
5641,1,1
5643,1,-1
5643,1,-1
5643,1,-1
5643,1,-1
5647,1,-1
5647,1,1
5647,1,1
5647,1,1
157207,1,1
157207,1,1
157207,1,1
5658,-1,-1
5658,1,1
5658,1,1
5658,1,1
5661,-1,-1
5661,1,1
5661,1,1
159262,1,-1
159262,1,1
159262,1,1
108464,1,-1
108464,1,1
108464,1,1
108464,1,1
157222,-1,1
157222,1,1
176049,-1,-1
176049,1,-1
176049,1,-1
176049,1,1
5672,-1,-1
5672,1,1
5672,1,1
5672,1,1
5678,1,1
5678,1,1
5678,1,1
5678,1,1
5678,1,1
163376,1,1
163376,1,1
163376,1,1
163376,1,1
5682,1,-1
5682,1,-1
5682,1,-1
5682,1,1
5682,1,1
163383,-1,-1
163383,1,1
163383,1,1
153493,1,1
153493,1,1
157261,1,-1
157261,-1,1
157261,1,1
5714,-1,1
5714,1,1
5714,1,1
5714,1,1
157271,1,-1
157271,1,1
157271,1,1
5721,-1,-1
5721,1,1
5721,1,1
5721,1,1
5721,1,1
5724,1,1
5724,1,1
5724,1,1
145338,1,-1
145338,1,1
145338,1,1
145338,1,1
108128,-1,-1
108128,-1,-1
108128,1,1
108128,1,1
181868,-1,-1
181868,-1,-1
181868,-1,1
175181,1,1
175181,1,1
175181,1,1
175181,1,1
101651,-1,-1
101651,-1,-1
101651,1,-1
101651,1,-1
101651,1,-1
101651,1,1
5748,-1,-1
5748,1,1
5748,-1,1
5748,1,1
5748,1,1
151636,1,1
151636,-1,1
151636,1,1
5756,1,1
5756,-1,1
5756,1,1
5756,1,1
102016,1,-1
102016,1,1
102016,1,1
102016,1,1
142857,-1,-1
142857,-1,-1
142857,1,-1
142857,1,1
142857,1,1
116364,-1,-1
116364,1,-1
116364,1,-1
116364,1,-1
116364,1,1
116364,1,1
188047,1,-1
188047,1,1
188047,1,1
188047,1,1
5776,-1,-1
5776,1,-1
5776,1,-1
188050,-1,-1
188050,1,-1
188050,1,-1
188050,1,1
188052,1,-1
188052,1,1
188052,1,1
188053,-1,-1
188053,-1,1
188053,-1,1
188056,-1,-1
188056,1,-1
188056,1,-1
188057,-1,1
188057,1,1
188057,1,1
188057,1,1
5787,1,-1
5787,1,-1
5787,1,1
5787,1,1
5788,-1,-1
5788,-1,-1
5788,1,-1
5788,1,1
188061,-1,-1
188061,-1,-1
188061,1,1
188061,1,1
5792,1,-1
5792,1,-1
5792,1,1
5792,1,1
188067,1,-1
188067,1,1
188067,1,1
188067,1,1
188068,-1,-1
188068,1,1
188068,1,1
188068,1,1
188070,-1,1
188070,1,1
188070,1,1
188070,1,1
5801,-1,1
5801,1,1
5801,1,1
5801,1,1
122538,-1,-1
122538,-1,-1
122538,1,1
122538,1,1
122538,1,1
181931,-1,1
181931,1,1
181931,1,1
188077,1,1
188077,1,1
188077,1,1
188077,1,1
188080,-1,-1
188080,-1,-1
188080,-1,-1
188080,-1,-1
121545,-1,-1
121545,1,1
121545,1,1
121545,1,1
121545,1,1
121545,1,1
105010,-1,1
105010,1,1
105010,1,1
105010,1,1
5812,-1,1
5812,-1,1
5812,-1,1
5812,-1,1
5815,-1,-1
5815,1,-1
5815,1,1
5815,1,1
4558,1,-1
4558,-1,-1
4558,1,-1
173753,1,1
173753,1,1
173753,1,1
5822,1,-1
5822,1,1
5822,1,1
5822,1,1
5822,1,1
188099,-1,-1
188099,1,1
188099,1,1
108228,-1,-1
108228,1,-1
108228,1,-1
108228,1,-1
108228,1,1
108228,1,1
108228,1,1
161477,-1,-1
161477,1,1
161477,1,1
173767,1,1
173767,1,1
173767,1,1
188105,-1,-1
188105,1,1
188105,1,1
161482,-1,-1
161482,1,1
161482,1,1
5835,1,-1
5835,1,1
5835,1,1
4485,-1,-1
4485,1,1
4485,1,1
161488,-1,-1
161488,-1,1
161488,-1,1
188115,1,-1
188115,1,1
188115,1,1
188115,1,1
188116,1,1
188116,-1,1
188116,1,1
188116,1,1
188119,1,1
188119,1,1
188119,1,1
188119,1,1
188120,1,1
188120,1,1
188120,1,1
188120,1,1
6605,-1,-1
6605,1,-1
6605,1,1
6605,1,1
6605,1,1
188123,1,-1
188123,1,-1
188123,1,1
188124,-1,1
188124,1,1
188124,1,1
161502,-1,-1
161502,1,1
161502,1,1
5856,1,-1
5856,1,-1
5856,1,1
5856,1,1
155600,1,-1
155600,1,-1
155600,1,1
188131,1,1
188131,1,1
188131,1,1
188133,-1,1
188133,-1,1
188133,1,1
188133,1,1
173798,-1,1
173798,1,1
173798,1,1
188136,1,-1
188136,1,1
188136,1,1
188136,1,1
5865,1,1
5865,1,-1
5865,1,1
5865,1,1
5868,1,1
5868,1,1
5868,1,1
5868,1,1
188142,1,-1
188142,1,1
188142,1,1
188142,1,1
188150,1,-1
188150,1,1
188150,1,1
188150,1,1
106238,1,-1
106238,1,1
106238,1,1
106238,1,1
188168,-1,-1
188168,-1,1
188168,-1,1
188168,-1,1
170626,1,-1
170626,1,-1
170626,1,1
170626,1,1
123181,-1,-1
123181,-1,-1
123181,-1,-1
123181,1,1
123181,1,1
123181,1,1
188177,-1,-1
188177,1,-1
188177,1,1
188177,1,1
188179,-1,1
188179,1,1
188179,1,1
188179,1,1
161562,-1,1
161562,1,1
161562,1,1
108316,-1,-1
108316,-1,-1
108316,1,-1
108316,1,1
108316,1,1
108317,-1,-1
108317,1,-1
108317,1,1
108317,1,1
161566,-1,-1
161566,1,-1
161566,1,-1
165665,-1,-1
165665,1,1
165665,1,1
110370,-1,-1
110370,1,1
110370,1,1
110370,1,1
108323,-1,-1
108323,1,1
108323,1,1
108323,1,1
104228,-1,-1
104228,-1,-1
104228,-1,1
104228,1,1
104228,1,1
5926,1,-1
5926,1,1
5926,1,1
5926,1,1
5927,-1,-1
5927,1,-1
5927,1,1
5927,1,1
165679,1,1
165679,1,1
165679,1,1
122674,-1,-1
122674,-1,-1
122674,-1,-1
122674,-1,-1
122674,1,1
5939,-1,-1
5939,1,-1
5939,1,1
5939,1,1
181897,1,1
181897,1,1
181897,1,1
5954,-1,1
5954,1,1
5954,1,1
5954,1,1
5954,1,1
165700,-1,-1
165700,-1,1
165700,-1,1
165700,-1,1
104262,-1,-1
104262,-1,-1
104262,1,1
104262,1,1
188044,-1,-1
188044,-1,-1
188044,1,1
188044,1,1
180043,1,-1
180043,1,-1
180043,1,1
180043,1,1
5965,1,-1
5965,1,1
5965,1,1
5965,1,1
148109,1,-1
148109,1,1
148109,1,1
110422,1,1
110422,1,1
110422,1,1
110422,1,1
110422,1,1
110422,1,1
5975,-1,1
5975,-1,1
5975,-1,1
5975,-1,1
175965,-1,1
175965,-1,1
175965,1,1
175965,1,1
159596,1,-1
159596,1,-1
159596,1,1
106350,-1,1
106350,-1,1
106350,-1,1
106350,-1,1
171888,1,-1
171888,1,1
171888,1,1
153457,-1,-1
153457,-1,1
153457,1,1
108404,-1,-1
108404,-1,-1
108404,1,1
108404,1,1
108404,1,1
175992,-1,-1
175992,1,1
175992,1,1
175992,1,1
108411,1,1
108411,1,1
108411,1,1
108411,1,1
175997,-1,1
175997,1,1
175997,1,1
175997,1,1
175999,1,-1
175999,1,1
175999,1,1
171904,-1,-1
171904,-1,-1
171904,1,1
176004,1,1
176004,1,1
6021,-1,-1
6021,1,-1
6021,1,-1
6021,1,1
6021,1,1
176007,-1,-1
176007,-1,-1
176007,-1,-1
176007,1,1
107500,1,-1
107500,1,1
107500,1,1
107500,1,1
176010,-1,-1
176010,1,1
176010,1,1
155538,-1,1
155538,-1,1
155538,1,1
176019,-1,-1
176019,1,1
176019,1,1
176019,1,1
118677,-1,-1
118677,1,1
118677,1,1
118677,1,1
118677,1,1
145303,-1,-1
145303,1,1
145303,1,1
145303,1,1
145303,1,1
183620,-1,-1
183620,1,1
183620,1,1
183620,1,1
145310,1,1
145310,1,1
145310,1,1
176032,1,1
176032,1,1
176032,1,1
176034,1,1
176034,1,1
176034,1,1
176034,1,1
145315,1,1
145315,1,1
145315,1,1
6052,1,-1
6052,1,-1
6052,1,1
6052,1,1
6052,1,1
6053,-1,-1
6053,-1,1
6053,-1,1
6053,1,1
145319,-1,1
145319,1,1
6056,-1,-1
6056,1,1
6056,1,1
6056,1,1
6056,1,1
6064,-1,-1
6064,1,-1
6064,1,1
6064,1,1
6065,-1,-1
6065,1,-1
6065,1,-1
6065,1,-1
6065,1,-1
6065,1,1
6065,1,1
141234,-1,-1
141234,1,-1
141234,1,1
145332,1,-1
145332,1,1
145332,1,1
145336,-1,-1
145336,-1,-1
188081,1,-1
188081,-1,1
188081,1,1
6074,-1,-1
6074,-1,1
6074,-1,1
6074,-1,1
6074,-1,1
108475,-1,-1
108475,1,1
108475,1,1
108475,1,1
108475,1,1
6077,-1,-1
6077,-1,-1
6077,1,-1
6077,1,1
6077,1,1
145343,1,1
145343,1,1
145343,1,1
6081,-1,-1
6081,1,-1
6081,-1,-1
6081,1,-1
6081,1,1
6082,1,1
6082,-1,1
6082,1,1
6082,1,1
6082,1,1
145349,1,-1
145349,1,-1
145349,1,-1
178120,1,-1
178120,1,1
178120,1,1
6094,-1,-1
6094,1,1
6094,1,1
6094,1,1
6094,1,1
183629,-1,1
183629,1,1
183629,1,1
183629,1,1
178128,1,1
178128,-1,-1
178128,-1,-1
178168,-1,1
178168,1,1
178168,1,1
181917,1,1
181917,1,1
181917,1,1
6103,-1,-1
6103,-1,-1
6103,1,1
6103,1,1
6103,1,1
145368,-1,1
145368,1,1
145368,1,1
145373,-1,-1
145373,1,-1
145373,1,1
145373,1,1
145379,-1,-1
145379,1,1
145379,1,1
145382,1,1
145382,1,1
145382,1,1
162812,-1,-1
162812,1,1
162812,1,1
164519,-1,-1
164519,1,1
108527,-1,1
108527,-1,1
108527,-1,1
145392,1,1
145392,1,1
145392,1,1
145392,1,1
188073,1,1
188073,1,1
188073,1,1
188073,1,1
186360,-1,-1
186360,-1,1
186360,-1,1
186360,-1,1
183636,1,1
183636,1,1
183636,1,1
145403,-1,-1
145403,1,-1
145403,1,1
145403,1,1
110589,-1,-1
110589,1,-1
110589,1,-1
110589,1,1
162809,1,1
162809,1,1
109568,-1,-1
109568,-1,-1
109568,-1,-1
109568,-1,-1
180224,-1,-1
180224,-1,-1
180224,-1,-1
180224,-1,-1
180224,-1,1
105477,-1,1
105477,-1,1
105477,-1,1
105477,-1,1
180234,-1,1
180234,-1,1
180234,-1,1
9227,-1,1
9227,-1,1
9227,-1,1
9227,-1,1
9227,-1,1
188428,-1,-1
188428,-1,-1
188428,-1,-1
8621,-1,-1
8621,-1,1
8621,-1,1
8621,-1,1
8621,-1,1
8621,-1,1
9234,-1,1
9234,-1,1
9234,-1,1
9234,-1,1
9234,-1,1
9183,-1,-1
9183,-1,1
9183,-1,-1
9183,-1,1
167257,-1,-1
167257,-1,-1
167257,-1,-1
167257,-1,1
165400,-1,-1
165400,-1,1
165400,-1,1
10267,-1,-1
10267,-1,-1
10267,-1,1
10267,-1,1
170166,-1,1
170166,-1,1
170166,-1,1
106528,-1,-1
106528,-1,1
106528,-1,1
8795,-1,-1
8795,-1,1
8795,-1,1
8795,-1,1
109455,-1,-1
109455,-1,1
109455,-1,1
188455,-1,-1
188455,-1,1
188455,-1,1
188455,1,1
121896,1,1
121896,1,-1
121896,1,1
121896,1,1
8796,-1,-1
8796,-1,1
8796,-1,1
8796,-1,1
8562,-1,-1
8562,-1,-1
8562,-1,-1
8562,-1,-1
8562,-1,1
108587,-1,1
108587,-1,1
108587,-1,1
108587,-1,1
108587,-1,1
183853,-1,-1
183853,-1,-1
183853,-1,-1
183853,-1,1
10288,-1,1
10288,-1,-1
10288,-1,-1
10288,-1,-1
187441,-1,-1
187441,-1,1
187441,-1,1
187441,-1,1
188978,-1,-1
188978,-1,-1
188978,-1,-1
188978,-1,-1
183860,-1,-1
183860,-1,-1
183860,-1,1
172707,-1,-1
172707,-1,1
172707,-1,1
121910,-1,-1
121910,-1,-1
121910,-1,-1
121910,-1,-1
121910,-1,1
121910,-1,1
176184,-1,1
176184,-1,1
176184,-1,1
176184,-1,1
161849,-1,-1
161849,-1,1
161849,-1,1
9276,-1,1
9276,-1,1
9276,-1,1
9276,-1,1
102974,-1,1
102974,-1,1
102974,-1,1
102974,-1,1
8767,1,-1
8767,1,-1
8767,1,1
8767,1,1
8768,-1,1
8768,-1,1
8768,-1,1
8768,-1,1
8768,-1,1
176194,-1,1
176194,-1,-1
176194,-1,1
176194,-1,1
188995,-1,1
188995,-1,1
188995,-1,1
188995,-1,1
122436,-1,-1
122436,1,-1
122436,1,-1
122436,1,-1
122436,1,-1
183877,-1,-1
183877,-1,1
183877,-1,1
188999,-1,-1
188999,-1,-1
188999,-1,1
188999,-1,1
188999,-1,1
183881,-1,1
183881,-1,1
183881,-1,1
107984,-1,-1
107984,-1,-1
107984,-1,1
107984,-1,1
10319,-1,1
10319,-1,1
10319,-1,1
10319,-1,1
10319,-1,1
113770,-1,-1
113770,-1,1
113770,-1,1
113770,-1,1
113770,-1,1
113770,-1,1
113770,-1,1
108118,-1,-1
108118,-1,1
108118,-1,1
108118,-1,1
172132,-1,1
172132,-1,1
172132,-1,1
9306,-1,1
9306,-1,1
9306,-1,1
9306,-1,1
161883,-1,-1
161883,-1,-1
161883,-1,1
189020,-1,-1
189020,-1,1
189020,-1,1
189020,-1,1
183901,-1,-1
183901,-1,1
183901,-1,1
10334,-1,-1
10334,-1,1
10334,-1,1
10334,-1,1
173151,-1,-1
173151,-1,-1
173151,-1,-1
173151,-1,-1
176224,-1,1
176224,-1,1
176224,-1,-1
109153,-1,1
109153,-1,1
109153,-1,1
109153,-1,1
104905,-1,-1
104905,-1,-1
104905,-1,-1
104905,-1,-1
8803,-1,-1
8803,-1,-1
8803,-1,1
8803,-1,1
8803,-1,1
8803,-1,1
173156,-1,-1
173156,-1,-1
173156,-1,-1
173156,-1,-1
173158,-1,-1
173158,-1,-1
173158,-1,-1
9320,-1,1
9320,-1,1
9320,-1,1
8810,-1,-1
8810,-1,-1
8810,-1,-1
8810,-1,-1
8810,-1,-1
8810,-1,1
9278,-1,1
9278,-1,1
9278,-1,1
10258,-1,-1
10258,-1,1
10258,-1,1
10258,-1,1
113775,1,-1
113775,1,1
113775,1,1
113775,1,1
10352,-1,-1
10352,-1,-1
10352,-1,1
10352,-1,1
10352,-1,1
106097,-1,-1
106097,-1,1
106097,-1,1
106097,-1,1
8306,-1,1
8306,-1,1
8306,-1,1
8306,-1,1
8306,-1,1
9472,-1,-1
9472,-1,-1
9472,-1,-1
9472,-1,-1
9472,-1,-1
165495,-1,1
165495,-1,1
145528,-1,-1
145528,-1,-1
145528,-1,1
145528,-1,1
123513,-1,-1
123513,-1,-1
123513,-1,-1
123513,-1,1
123513,-1,1
123513,-1,1
123513,-1,1
123513,-1,1
8315,-1,-1
8315,-1,-1
8315,-1,-1
8315,-1,1
8315,-1,1
9432,-1,-1
9432,1,1
9432,1,1
9432,1,1
176234,-1,1
176234,-1,1
176234,-1,1
176234,-1,1
173183,-1,1
173183,-1,1
173183,-1,1
173183,-1,1
188366,-1,-1
188366,-1,-1
188366,-1,-1
188366,-1,1
176257,-1,1
176257,-1,1
176257,-1,1
153733,-1,1
153733,-1,1
153733,-1,1
188609,-1,-1
188609,-1,1
188609,-1,1
188609,-1,1
164680,-1,-1
164680,-1,1
164680,-1,1
163985,-1,1
163985,-1,-1
163985,-1,-1
163985,-1,-1
188568,-1,1
188568,-1,1
113818,-1,1
113818,-1,1
113818,-1,1
113818,-1,1
113818,-1,1
113818,-1,1
10351,-1,-1
10351,-1,1
10351,-1,1
10397,-1,-1
10397,-1,-1
10397,-1,1
10397,-1,1
10397,-1,1
189087,-1,-1
189087,-1,-1
189087,-1,-1
189087,-1,1
189087,-1,1
180251,-1,1
180251,-1,1
180251,-1,1
180251,-1,1
8868,-1,-1
8868,-1,-1
8868,-1,-1
8868,-1,-1
8868,-1,1
8868,-1,1
177833,-1,1
177833,-1,1
177833,-1,1
10644,-1,-1
10644,-1,-1
10644,-1,-1
10644,-1,-1
10411,-1,1
10411,-1,1
10411,-1,1
10411,-1,1
10411,-1,1
188589,-1,1
188589,-1,1
188589,-1,1
188589,-1,1
188591,-1,1
188591,-1,1
188591,-1,1
188591,-1,1
182960,-1,1
182960,-1,1
182960,1,1
10418,-1,-1
10418,-1,-1
10418,-1,-1
10418,-1,1
10418,-1,1
184094,-1,1
184094,-1,1
184094,-1,1
102778,-1,-1
102778,-1,1
102778,-1,1
102778,-1,1
102778,-1,1
10441,-1,-1
10441,-1,-1
10441,-1,1
10441,-1,1
10441,-1,1
188600,-1,1
188600,-1,1
188600,-1,1
102586,-1,-1
102586,-1,-1
102586,-1,1
102586,-1,1
102586,-1,1
10527,-1,-1
10527,-1,-1
10527,-1,-1
10527,-1,-1
10527,-1,-1
149181,-1,-1
149181,-1,-1
149181,-1,-1
10613,-1,-1
10613,-1,-1
10613,-1,-1
10613,-1,-1
176322,-1,1
176322,-1,1
176322,-1,1
106870,1,-1
106870,1,1
106870,1,1
106870,1,1
106870,1,1
9414,-1,-1
9414,-1,-1
9414,-1,1
9414,-1,1
9414,-1,1
188617,-1,-1
188617,-1,1
188617,-1,1
188617,-1,1
188618,-1,-1
188618,-1,1
188618,-1,1
188618,-1,1
176331,-1,-1
176331,-1,-1
176331,-1,1
8399,-1,1
8399,-1,-1
8399,-1,-1
8399,-1,-1
123603,-1,-1
123603,-1,-1
123603,-1,1
123603,-1,1
123603,-1,1
8405,-1,1
8405,-1,-1
8405,-1,1
8405,-1,1
8405,-1,1
103801,-1,1
103801,-1,1
103801,-1,1
103801,-1,1
8719,-1,1
8719,-1,-1
8719,-1,1
8719,-1,1
8409,-1,-1
8409,-1,-1
8409,-1,-1
8409,-1,-1
10459,-1,-1
10459,-1,1
10459,-1,-1
10459,-1,-1
8412,-1,-1
8412,-1,-1
8412,-1,-1
118493,-1,-1
118493,-1,-1
118493,-1,-1
118493,-1,1
118493,-1,1
157477,-1,1
157477,-1,1
147067,-1,-1
147067,-1,1
10468,-1,1
10468,-1,1
10468,-1,1
10468,-1,1
10468,-1,1
9169,-1,-1
9169,-1,-1
9169,-1,-1
9169,-1,-1
8424,-1,1
8424,-1,1
8424,-1,1
10475,-1,1
10475,-1,-1
10475,-1,-1
10475,-1,1
10475,-1,1
163564,-1,1
163564,-1,1
163564,-1,1
103154,-1,1
103154,-1,1
103154,-1,1
103154,-1,-1
103154,-1,-1
104179,-1,1
104179,-1,1
104179,-1,1
104179,-1,1
104179,-1,1
104179,-1,1
184053,-1,-1
184053,-1,-1
184053,-1,-1
104694,-1,-1
104694,-1,-1
104694,-1,-1
104694,-1,-1
103676,-1,-1
103676,-1,-1
103676,-1,-1
103676,-1,-1
103676,-1,-1
10494,-1,-1
10494,-1,1
10494,-1,1
10494,-1,1
10494,-1,1
8661,-1,-1
8661,-1,-1
8661,-1,1
8661,-1,1
8661,-1,1
122112,-1,-1
122112,-1,1
122112,-1,1
122112,-1,1
170241,-1,1
170241,-1,-1
170241,-1,1
170242,-1,1
170242,-1,1
170242,-1,1
170242,-1,1
183851,-1,1
183851,-1,1
183851,-1,1
183851,-1,1
8550,-1,-1
8550,-1,1
8550,-1,1
8550,-1,1
184582,-1,-1
184582,-1,1
184582,-1,1
10503,-1,-1
10503,-1,1
10503,-1,1
10503,-1,1
8457,-1,-1
8457,-1,1
8457,-1,1
8457,-1,1
8457,-1,1
188365,-1,-1
188365,-1,1
188365,-1,1
188365,-1,1
8971,-1,-1
8971,-1,-1
8971,-1,-1
8971,-1,-1
8578,-1,1
8578,-1,1
8578,-1,1
188376,-1,-1
188376,-1,1
188376,-1,1
188376,-1,1
118036,-1,-1
118036,-1,-1
118036,-1,-1
118036,-1,1
118036,-1,1
118036,-1,1
152878,-1,-1
152878,-1,1
152878,-1,1
152878,-1,1
188367,-1,1
188367,-1,1
188367,-1,1
188367,-1,1
118068,-1,-1
118068,-1,-1
118068,-1,-1
118068,-1,-1
118068,-1,-1
118068,-1,-1
10392,-1,1
10392,-1,1
10392,-1,-1
10392,-1,1
123166,-1,-1
123166,-1,1
123166,-1,1
123166,-1,1
123166,-1,1
123166,-1,1
123166,-1,1
179589,1,1
179589,1,1
179589,1,1
179589,1,1
9284,-1,1
9284,-1,1
9284,-1,1
9284,-1,1
9284,-1,1
10529,-1,1
10529,-1,1
10529,-1,1
10529,-1,1
10529,-1,1
10530,-1,1
10530,-1,1
10530,-1,1
10530,-1,1
10530,-1,1
10530,-1,1
8923,-1,-1
8923,-1,-1
8923,1,-1
184101,-1,1
184101,-1,1
184101,-1,1
10534,-1,1
10534,-1,1
10534,-1,1
10534,-1,1
184104,-1,-1
184104,-1,1
184104,-1,1
184104,-1,1
162951,-1,-1
162951,-1,1
162951,-1,1
181550,-1,-1
181550,-1,1
181550,-1,1
181550,-1,1
157488,-1,-1
157488,-1,-1
157488,-1,1
157488,-1,1
9521,-1,-1
9521,-1,1
9521,-1,1
9521,-1,1
9012,-1,-1
9012,-1,-1
9012,-1,1
120305,-1,-1
120305,-1,-1
120305,-1,-1
120305,-1,-1
120305,-1,1
164663,-1,-1
164663,-1,-1
164663,-1,1
101848,-1,-1
101848,-1,-1
101848,-1,1
101848,-1,1
107299,-1,-1
107299,-1,-1
107299,-1,-1
107299,-1,-1
107299,-1,-1
180176,-1,-1
180176,-1,-1
180176,-1,1
180176,-1,1
108555,-1,-1
108555,-1,1
108555,-1,1
108555,-1,1
108555,-1,1
8510,-1,-1
8510,-1,1
8510,-1,1
8510,-1,1
8510,-1,1
8510,-1,1
102722,-1,-1
102722,-1,-1
102722,-1,-1
102722,-1,1
121672,-1,1
121672,-1,1
121672,-1,1
121672,-1,1
109386,-1,-1
109386,-1,-1
109386,-1,-1
109386,-1,1
146999,-1,-1
146999,-1,-1
146999,-1,-1
107344,-1,-1
107344,-1,1
107344,-1,1
107344,-1,1
10579,-1,1
10579,-1,1
10579,-1,1
10579,-1,1
10579,-1,1
8980,-1,-1
8980,-1,-1
8980,-1,-1
8980,-1,1
145636,-1,-1
145636,-1,-1
145636,-1,-1
109915,-1,-1
109915,-1,-1
109915,-1,-1
109915,-1,-1
106333,-1,1
106333,-1,1
106333,-1,1
179554,-1,-1
179554,-1,-1
179554,-1,-1
123747,-1,-1
123747,-1,-1
123747,-1,-1
123747,-1,1
123747,-1,1
123747,-1,1
9062,-1,1
9062,-1,1
9062,-1,1
10601,-1,-1
10601,-1,-1
10601,-1,1
10601,-1,1
10601,-1,1
10601,-1,1
106859,-1,-1
106859,-1,1
106859,-1,1
106859,-1,1
103279,-1,-1
103279,-1,-1
103279,-1,1
103279,-1,1
107378,-1,1
107378,-1,1
107378,-1,1
107378,-1,1
179593,-1,1
179593,-1,1
179593,-1,1
106874,-1,-1
106874,-1,-1
106874,-1,1
106874,-1,1
106874,-1,1
118654,-1,-1
118654,-1,-1
118654,-1,1
118654,-1,1
118654,-1,1
114048,-1,1
114048,-1,-1
114048,-1,1
114048,-1,1
9280,-1,-1
9280,-1,-1
9280,-1,-1
9280,-1,1
9280,-1,1
114050,-1,1
114050,-1,1
114050,-1,1
114050,-1,1
114050,-1,1
118147,-1,-1
118147,-1,-1
118147,-1,-1
118147,-1,-1
118147,-1,-1
118147,-1,-1
118147,-1,1
123269,-1,1
123269,-1,1
123269,-1,1
123269,-1,1
123269,-1,1
161004,-1,-1
161004,-1,1
113576,-1,-1
113576,-1,-1
113576,-1,1
10635,-1,1
10635,-1,1
10635,-1,1
10635,-1,1
10635,-1,1
105649,-1,-1
105649,-1,1
105649,-1,1
103311,-1,-1
103311,-1,-1
103311,-1,-1
103311,1,1
103311,-1,1
103311,-1,1
163992,-1,1
163992,-1,1
163992,-1,1
121589,-1,1
121589,-1,1
121589,-1,1
121589,-1,1
121589,-1,1
102804,-1,-1
102804,-1,-1
102804,-1,-1
102804,-1,1
102804,-1,1
102804,-1,1
9113,-1,-1
9113,-1,-1
9113,-1,-1
118680,-1,-1
118680,-1,1
118680,-1,1
118680,-1,1
118680,-1,1
8601,-1,1
8601,-1,1
8601,-1,1
8601,-1,1
8601,-1,1
10650,-1,-1
10650,-1,-1
10650,-1,1
10650,-1,1
10650,-1,1
188400,-1,-1
188400,-1,1
188400,-1,1
9123,-1,-1
9123,-1,-1
9123,-1,1
9123,-1,1
9123,-1,1
120231,-1,1
120231,-1,1
120231,-1,1
180136,-1,-1
180136,-1,1
180136,-1,1
9202,-1,-1
9202,-1,-1
9202,-1,-1
9202,-1,1
123310,-1,-1
123310,-1,-1
123310,-1,-1
123310,-1,1
123310,-1,1
123310,-1,1
123310,-1,1
182949,-1,1
182949,-1,1
182949,-1,1
182949,-1,1
9138,-1,1
9138,-1,1
9138,-1,1
165440,1,1
165440,1,1
165440,1,1
165440,-1,1
9145,-1,-1
9145,-1,-1
9145,-1,1
9145,-1,1
8634,1,-1
8634,-1,1
8634,-1,1
8634,-1,1
116671,-1,1
116671,-1,-1
116671,-1,1
116671,-1,1
116671,-1,1
116671,-1,1
188352,-1,1
188352,-1,1
188352,-1,1
188352,-1,1
123211,-1,1
123211,-1,1
123211,-1,1
123211,-1,1
123211,-1,1
123211,-1,1
123211,-1,1
173147,-1,1
173147,-1,1
173147,-1,1
173147,-1,1
10183,-1,1
10183,-1,1
10183,-1,1
188360,-1,-1
188360,-1,1
188360,-1,1
188360,-1,1
188360,-1,1
9161,-1,-1
9161,-1,-1
9161,-1,-1
9161,-1,-1
9409,1,-1
9409,-1,1
9409,-1,1
9409,-1,1
156619,-1,-1
156619,-1,1
188364,-1,1
188364,-1,1
188364,-1,1
8801,-1,-1
8801,-1,-1
8801,-1,1
8801,-1,-1
8801,-1,1
115621,-1,1
115621,-1,1
115621,-1,1
115621,-1,1
115621,-1,1
9168,-1,-1
9168,-1,-1
9168,-1,1
9168,-1,1
188369,-1,-1
188369,-1,-1
188369,-1,-1
188369,-1,-1
166174,-1,-1
166174,-1,1
166174,-1,1
10195,-1,1
10195,-1,1
10195,-1,1
188373,-1,-1
188373,-1,1
188373,-1,1
188373,-1,1
8216,-1,-1
8216,-1,-1
8216,-1,-1
10505,-1,-1
10505,-1,1
10505,-1,1
10505,-1,1
120139,-1,1
120139,-1,-1
120139,-1,-1
120139,-1,1
120139,-1,1
168409,-1,1
168409,-1,1
168409,-1,1
147023,-1,1
147023,-1,1
147023,-1,1
10719,-1,-1
10719,-1,-1
10719,-1,1
10719,-1,1
10719,-1,1
10719,-1,1
114000,-1,1
114000,-1,1
114000,-1,1
114000,-1,1
168418,-1,-1
168418,-1,1
168418,-1,1
162275,-1,1
162275,-1,1
162275,-1,-1
162275,-1,1
162279,-1,1
162279,-1,1
162279,-1,1
188392,-1,1
188392,-1,1
188392,-1,1
100841,-1,1
100841,-1,1
100841,-1,1
100841,-1,1
100841,-1,1
113937,-1,1
113937,-1,1
113937,-1,1
113937,-1,-1
113937,-1,1
8686,-1,1
8686,-1,1
8686,-1,1
8686,-1,1
101321,-1,-1
101321,-1,1
101321,-1,1
101321,-1,1
8179,-1,-1
8179,-1,-1
8179,-1,-1
8179,-1,-1
8179,-1,-1
8179,-1,-1
8179,-1,-1
8992,1,-1
8992,1,-1
8992,1,-1
8992,1,1
121846,-1,1
121846,-1,1
121846,-1,1
121846,-1,1
113655,-1,-1
113655,-1,1
113655,-1,1
113655,-1,1
108540,-1,-1
108540,-1,-1
108540,-1,-1
108540,-1,-1
108540,-1,-1
108540,-1,-1
188413,-1,1
188413,-1,1
188413,-1,1
186566,-1,-1
186566,-1,1
186566,-1,1
112649,-1,-1
112649,-1,1
112649,-1,1
112649,-1,1
176142,-1,-1
176142,-1,-1
176142,-1,1
102447,-1,1
102447,-1,1
102447,-1,-1
102447,-1,-1
102447,-1,-1
102447,-1,-1
102447,-1,-1
108597,-1,-1
108597,-1,-1
108597,-1,1
108597,-1,1
108599,-1,-1
108599,-1,-1
108599,-1,-1
108599,-1,-1
108599,-1,-1
108607,-1,-1
108607,-1,-1
108607,-1,-1
108607,-1,-1
108607,-1,-1
12374,-1,-1
12374,-1,-1
12374,-1,-1
12374,-1,1
12375,-1,-1
12375,-1,1
12375,-1,1
12375,-1,1
12386,-1,-1
12386,-1,1
12386,-1,1
12386,-1,1
12391,-1,-1
12391,-1,-1
12391,-1,-1
12391,-1,1
12393,-1,-1
12393,-1,1
12393,-1,1
12395,-1,-1
12395,-1,-1
12395,-1,-1
12395,-1,-1
12396,-1,1
12396,-1,1
12396,-1,1
12396,-1,1
12399,-1,1
12399,-1,1
12399,-1,1
12399,-1,1
12403,-1,-1
12403,-1,-1
12403,-1,-1
12403,-1,-1
12406,-1,-1
12406,-1,-1
12406,-1,-1
12406,-1,-1
102531,-1,-1
102531,-1,-1
102531,-1,-1
102531,-1,1
12421,-1,-1
12421,-1,-1
12421,-1,-1
12421,-1,-1
12444,-1,-1
12444,-1,-1
12444,-1,-1
12444,-1,-1
12444,-1,-1
120989,-1,1
120989,-1,1
120989,-1,1
120989,-1,1
120989,-1,1
12458,-1,1
12458,-1,1
12458,-1,1
12458,-1,1
12458,-1,1
102580,-1,-1
102580,-1,1
102580,-1,1
102580,-1,1
102580,-1,1
12469,-1,-1
12469,-1,1
12469,-1,1
12469,-1,1
12469,-1,1
12471,-1,1
12471,-1,1
12471,-1,1
12471,-1,1
110794,-1,-1
110794,-1,1
110794,-1,1
110794,-1,1
172238,-1,1
172238,-1,1
172238,-1,1
172238,-1,1
13005,-1,1
13005,-1,1
13005,-1,1
13005,-1,1
13005,-1,1
108755,-1,-1
108755,-1,-1
108755,-1,-1
108755,-1,-1
108755,-1,1
166100,-1,-1
166100,-1,-1
166100,-1,-1
166100,-1,1
166104,-1,-1
166104,-1,1
166104,-1,1
188641,-1,-1
188641,-1,-1
188641,-1,1
188641,-1,1
108770,-1,-1
108770,-1,-1
108770,-1,1
108770,-1,1
108770,-1,1
12521,-1,-1
12521,-1,-1
12521,-1,-1
12521,-1,-1
12521,-1,-1
12521,-1,-1
12521,-1,-1
172266,-1,1
172266,-1,1
172266,-1,1
172266,-1,1
123115,-1,-1
123115,-1,-1
123115,-1,1
123115,-1,1
123115,-1,1
123115,-1,1
188656,-1,1
188656,-1,1
188656,-1,1
12529,-1,-1
12529,-1,-1
12529,-1,-1
12529,-1,-1
188660,1,1
188660,-1,1
188660,-1,1
119030,-1,-1
119030,-1,1
119030,-1,1
119030,-1,1
119030,-1,1
12536,-1,1
12536,-1,1
12536,-1,1
12542,-1,1
12542,-1,-1
12542,-1,1
12542,-1,1
12548,-1,-1
12548,-1,-1
12548,-1,-1
104712,-1,-1
104712,-1,-1
104712,-1,-1
104712,-1,-1
104712,-1,1
12554,-1,-1
12554,-1,1
12554,-1,1
12554,-1,1
108819,-1,-1
108819,-1,-1
108819,-1,1
108819,-1,1
108819,-1,1
104724,-1,-1
104724,-1,1
104724,-1,1
104724,-1,1
104724,-1,1
110879,-1,-1
110879,-1,-1
110879,-1,-1
110879,-1,-1
110879,-1,-1
110879,-1,-1
108838,-1,-1
108838,-1,1
108838,-1,1
108838,-1,1
108838,-1,1
12583,-1,-1
12583,-1,-1
12583,-1,-1
12583,-1,-1
114988,-1,-1
114988,-1,-1
114988,-1,-1
114988,-1,-1
114988,-1,1
114988,-1,1
12590,-1,-1
12590,-1,-1
12590,-1,1
12590,-1,1
12590,-1,1
12590,-1,1
12590,-1,1
12595,-1,-1
12595,-1,1
12595,-1,1
12595,-1,1
166207,-1,1
166207,-1,1
166207,-1,1
12616,-1,1
12616,-1,1
12616,-1,1
12616,-1,1
108879,-1,-1
108879,-1,-1
108879,-1,-1
108879,-1,-1
108879,-1,1
108879,-1,1
12625,-1,-1
12625,-1,1
12625,-1,1
12625,-1,1
12625,-1,1
117077,-1,1
117077,-1,1
117077,-1,1
117077,-1,1
117077,-1,1
12638,-1,-1
12638,-1,-1
12638,-1,-1
12638,-1,1
108895,-1,-1
108895,-1,1
108895,-1,-1
108895,-1,1
108895,-1,1
108895,-1,1
12644,-1,-1
12644,-1,-1
12644,-1,-1
12644,-1,-1
12645,-1,-1
12645,-1,-1
12645,-1,1
12645,-1,1
12645,-1,1
12645,-1,1
110970,-1,-1
110970,-1,1
110970,-1,1
110970,-1,1
100731,-1,-1
100731,-1,-1
100731,-1,-1
100731,-1,-1
100731,-1,-1
100731,-1,-1
100731,-1,-1
12668,-1,-1
12668,-1,-1
12668,-1,-1
12668,-1,1
102782,-1,-1
102782,-1,1
102782,-1,1
102782,-1,1
115081,-1,-1
115081,-1,1
115081,-1,1
115081,-1,1
115081,-1,1
115081,-1,1
102796,-1,-1
102796,-1,1
102796,-1,1
102796,-1,1
107285,-1,-1
107285,-1,-1
107285,-1,-1
107285,-1,-1
107285,-1,1
123175,-1,-1
123175,-1,-1
123175,-1,-1
123175,-1,-1
123175,-1,-1
123175,-1,-1
123175,-1,-1
123175,-1,-1
102819,-1,-1
102819,-1,-1
102819,-1,1
102819,-1,1
102819,-1,1
12715,-1,1
12715,-1,1
12715,-1,1
12715,-1,1
12715,-1,1
115674,-1,-1
115674,-1,-1
115674,-1,-1
115674,-1,-1
115674,-1,-1
115674,-1,-1
12727,-1,-1
12727,-1,-1
12727,-1,-1
12727,-1,1
12727,-1,1
12730,-1,-1
12730,-1,-1
12730,-1,1
12730,-1,-1
12730,-1,-1
12730,-1,-1
12735,-1,-1
12735,-1,-1
12735,-1,-1
108994,-1,1
108994,-1,1
108994,-1,1
108994,-1,1
100813,-1,1
100813,-1,1
100813,-1,1
100813,-1,1
100813,-1,1
102867,-1,1
102867,-1,1
102867,-1,1
102867,-1,1
102867,-1,1
123348,-1,-1
123348,-1,-1
123348,-1,-1
123348,-1,-1
123348,-1,-1
102874,-1,-1
102874,-1,1
102874,-1,1
100833,-1,1
100833,-1,1
100833,-1,1
100833,-1,1
100833,-1,1
12771,-1,-1
12771,-1,-1
12771,-1,1
12771,-1,1
12771,-1,1
12771,-1,1
12771,-1,1
12773,-1,1
12773,-1,1
12773,-1,1
12773,-1,1
12773,-1,1
109038,-1,1
109038,-1,1
109038,-1,1
109038,-1,1
109038,-1,1
100848,-1,-1
100848,-1,1
100848,-1,1
100848,-1,1
100848,-1,1
12788,-1,1
12788,-1,-1
12788,-1,-1
12788,-1,-1
12788,-1,1
104949,-1,-1
104949,-1,-1
104949,-1,-1
104949,-1,-1
109047,-1,-1
109047,-1,1
109047,-1,1
109047,-1,1
104955,-1,-1
104955,-1,-1
104955,-1,1
11008,-1,1
11008,-1,1
11008,-1,1
11008,-1,1
12811,-1,-1
12811,-1,-1
12811,-1,1
12811,-1,1
12814,-1,1
12814,-1,1
12814,-1,1
12814,-1,1
12814,-1,1
10767,-1,1
10767,-1,-1
10767,-1,1
10767,-1,1
10770,-1,1
10770,-1,1
10770,-1,1
12820,-1,1
12820,-1,1
12820,-1,1
12820,-1,1
12820,-1,1
12820,-1,1
12825,-1,-1
12825,-1,-1
12825,-1,-1
12825,-1,-1
12825,-1,-1
10779,-1,-1
10779,-1,-1
10779,-1,-1
10779,-1,-1
10779,-1,-1
10779,-1,-1
12835,-1,-1
12835,-1,-1
12835,-1,-1
12835,-1,-1
12835,-1,1
12835,-1,1
12842,-1,-1
12842,-1,1
12842,-1,1
12842,-1,1
12842,-1,1
12842,-1,1
12842,-1,1
174648,-1,-1
174648,-1,-1
174648,-1,-1
100923,-1,-1
100923,-1,-1
100923,-1,-1
100923,-1,-1
100923,-1,-1
100923,-1,-1
100923,-1,-1
10812,-1,-1
10812,-1,-1
10812,-1,-1
10812,-1,1
10812,-1,1
10812,-1,1
10812,-1,1
10813,-1,1
10813,-1,-1
10813,-1,1
10813,-1,1
10813,-1,1
10813,-1,1
109118,-1,-1
109118,-1,1
109118,-1,1
109118,-1,1
162368,-1,1
162368,-1,1
162368,-1,1
105027,-1,1
105027,-1,-1
105027,-1,-1
105027,-1,-1
12876,-1,-1
12876,-1,-1
12876,-1,1
12876,-1,1
12876,-1,1
12877,-1,1
12877,-1,1
12877,-1,1
12877,-1,1
12877,-1,1
115278,-1,1
115278,-1,1
115278,-1,1
115278,-1,1
115278,-1,1
12885,-1,-1
12885,-1,1
12885,-1,1
12885,-1,1
12885,-1,1
12885,-1,1
10838,-1,1
10838,-1,1
10838,-1,1
10841,-1,1
10841,-1,1
10841,-1,1
10841,-1,1
10845,-1,1
10845,-1,1
10845,-1,1
10845,-1,1
10845,-1,1
10846,-1,1
10846,-1,1
10846,-1,1
10846,-1,1
10851,-1,1
10851,-1,1
10851,-1,1
10851,-1,1
10851,-1,1
103015,-1,-1
103015,-1,-1
103015,-1,1
103015,-1,1
10860,-1,-1
10860,-1,1
10860,-1,1
10860,-1,1
10860,-1,1
12912,-1,-1
12912,-1,1
12912,-1,1
12912,-1,1
12912,-1,1
10869,-1,1
10869,-1,1
10869,-1,1
10869,-1,1
10875,-1,1
10875,-1,1
10875,-1,-1
10875,-1,-1
10875,-1,1
12927,-1,-1
12927,-1,1
12927,-1,-1
12927,-1,-1
12927,-1,1
12933,-1,-1
12933,-1,-1
12933,-1,-1
12933,-1,-1
12933,-1,-1
10887,-1,-1
10887,-1,-1
10887,-1,-1
10887,-1,-1
12938,-1,-1
12938,-1,-1
12938,-1,-1
12938,-1,-1
12938,-1,-1
12938,-1,-1
12738,-1,-1
12738,-1,-1
12738,-1,1
12738,-1,1
12738,-1,1
12944,-1,-1
12944,-1,-1
12944,-1,-1
12944,-1,-1
12944,-1,-1
12944,-1,1
12946,-1,1
12946,-1,1
12946,-1,1
12946,-1,1
10903,-1,-1
10903,-1,1
10903,-1,1
10903,-1,1
112751,-1,1
112751,-1,1
112751,-1,1
112751,-1,1
115365,-1,1
115365,-1,1
115365,-1,1
115365,-1,1
115365,-1,1
105130,-1,-1
105130,-1,-1
105130,-1,-1
105130,-1,1
105130,-1,1
10924,-1,-1
10924,-1,-1
10924,-1,-1
10924,-1,-1
170670,-1,-1
170670,-1,1
170670,-1,1
170670,-1,1
170670,-1,1
170671,-1,-1
170671,-1,1
170671,-1,1
189113,-1,1
189113,-1,1
189113,-1,1
189113,-1,1
117441,-1,-1
117441,-1,-1
117441,-1,1
117441,-1,1
10946,-1,-1
10946,-1,-1
10946,-1,1
10946,-1,1
10946,-1,1
10947,-1,-1
10947,-1,-1
10947,-1,1
10947,-1,1
12998,-1,-1
12998,-1,-1
12998,-1,1
12998,-1,1
12998,-1,1
13001,-1,-1
13001,-1,-1
13001,-1,-1
13001,-1,-1
13001,-1,-1
13001,-1,-1
12066,-1,-1
12066,-1,1
12066,-1,1
12066,-1,1
12749,-1,-1
12749,-1,-1
12749,-1,-1
12749,-1,1
12749,-1,1
103122,-1,1
103122,-1,1
103122,-1,1
103122,-1,1
103122,-1,1
105176,-1,-1
105176,-1,-1
105176,-1,1
13018,-1,-1
13018,-1,-1
13018,-1,-1
13018,-1,-1
13018,-1,-1
13023,-1,-1
13023,-1,-1
13023,-1,1
13023,-1,1
13023,-1,1
13025,-1,-1
13025,-1,-1
13025,-1,-1
13025,-1,1
13025,-1,1
107234,-1,-1
107234,-1,-1
107234,-1,1
107234,-1,1
107234,-1,1
10985,-1,-1
10985,-1,-1
10985,-1,-1
10985,-1,1
13038,-1,-1
13038,-1,-1
13038,-1,-1
13038,-1,-1
13038,-1,-1
13039,-1,1
13039,-1,1
13039,-1,1
13039,-1,1
13039,-1,1
10995,-1,-1
10995,-1,1
10995,-1,1
10995,-1,1
10999,-1,1
10999,-1,1
10999,-1,1
10999,-1,1
103163,-1,1
103163,-1,1
103163,-1,1
103163,-1,1
103163,-1,1
103163,-1,1
148224,-1,1
148224,-1,1
148224,-1,1
109316,-1,-1
109316,-1,-1
109316,-1,-1
109316,-1,1
109316,-1,1
13070,-1,-1
13070,-1,-1
13070,-1,-1
13070,-1,-1
13070,-1,-1
13070,-1,1
13070,-1,1
11023,-1,1
11023,-1,-1
11023,-1,1
11023,-1,1
109329,-1,-1
109329,-1,-1
109329,-1,1
109329,-1,1
164629,-1,-1
164629,-1,1
164629,-1,1
164636,-1,-1
164636,-1,-1
164636,-1,1
13087,-1,-1
13087,-1,1
13087,-1,1
13087,-1,1
13087,-1,1
11042,-1,-1
11042,-1,1
11042,-1,1
11042,-1,1
164643,-1,-1
164643,-1,1
164643,-1,1
13093,-1,-1
13093,-1,-1
13093,-1,1
13093,-1,1
13093,-1,1
13096,-1,1
13096,-1,1
13096,-1,1
13096,-1,1
13096,-1,1
13096,-1,1
11049,-1,1
11049,-1,1
11049,-1,1
11049,-1,1
11049,-1,1
13109,-1,-1
13109,-1,-1
13109,-1,1
13109,-1,1
13109,-1,1
109366,-1,-1
109366,-1,-1
109366,-1,-1
109366,-1,-1
109366,-1,-1
13115,-1,1
13115,-1,1
13115,-1,1
13115,-1,1
13115,-1,1
13115,-1,1
13116,-1,1
13116,-1,1
13116,-1,1
13116,-1,1
13116,-1,1
13116,-1,1
13131,-1,1
13131,-1,1
13131,-1,1
13131,-1,1
13131,-1,1
11085,-1,-1
11085,-1,1
11085,-1,1
107343,-1,-1
107343,-1,-1
107343,-1,1
107343,-1,1
123729,-1,-1
123729,-1,-1
123729,-1,1
123729,-1,1
123729,-1,1
123729,-1,1
123729,-1,1
13140,-1,-1
13140,-1,1
13140,-1,1
13140,-1,-1
13140,-1,1
13142,-1,1
13142,-1,-1
13142,1,1
13142,1,1
13142,1,1
13142,1,1
13144,-1,-1
13144,-1,-1
13144,-1,-1
13144,-1,-1
13144,-1,-1
13147,-1,-1
13147,-1,-1
13147,-1,-1
13147,-1,-1
13147,-1,1
13147,-1,1
107356,-1,-1
107356,-1,1
107356,-1,1
107356,-1,1
13149,-1,-1
13149,-1,-1
13149,-1,-1
13149,-1,-1
13149,-1,-1
13149,-1,-1
13149,-1,-1
13154,-1,-1
13154,-1,-1
13154,-1,-1
13154,-1,1
13154,-1,1
13155,-1,-1
13155,-1,-1
13155,-1,-1
13155,-1,1
13155,-1,1
13155,-1,1
187241,-1,-1
187241,-1,1
187241,-1,-1
13172,-1,-1
13172,-1,-1
13172,-1,-1
13172,-1,-1
13172,-1,-1
13172,-1,-1
13178,-1,-1
13178,-1,-1
13178,-1,-1
13178,-1,-1
13178,-1,-1
13178,-1,-1
13178,-1,-1
13184,-1,-1
13184,-1,-1
13184,-1,-1
13184,-1,-1
13184,-1,-1
13184,-1,-1
13184,-1,-1
13184,-1,1
11755,-1,1
11755,-1,-1
11755,-1,-1
105354,-1,-1
105354,-1,1
105354,-1,-1
105354,-1,1
105354,-1,1
11153,-1,-1
11153,-1,-1
11153,-1,-1
11153,-1,-1
177055,-1,-1
177055,-1,-1
177055,-1,-1
109481,-1,-1
109481,-1,1
109481,-1,1
109481,-1,1
109481,-1,1
105387,-1,-1
105387,-1,-1
105387,-1,-1
13229,-1,-1
13229,-1,1
13229,-1,1
13229,-1,1
166190,-1,1
166190,-1,1
166190,-1,1
113592,-1,-1
113592,-1,-1
113592,-1,-1
113592,-1,-1
113592,-1,-1
112418,-1,-1
112418,-1,-1
112418,-1,-1
112418,-1,-1
112418,-1,-1
112418,-1,1
11196,-1,1
11196,-1,1
11196,-1,1
11196,-1,1
103360,-1,-1
103360,-1,-1
103360,-1,-1
103360,-1,1
103360,-1,1
103360,-1,1
105414,-1,-1
105414,-1,1
105414,-1,1
105414,-1,1
105414,-1,1
13262,-1,-1
13262,-1,-1
13262,-1,-1
13262,-1,-1
13262,-1,-1
13262,1,1
107476,-1,-1
107476,-1,-1
107476,-1,-1
107476,-1,-1
111578,-1,-1
111578,-1,-1
111578,-1,-1
111578,-1,-1
111578,-1,-1
111578,-1,1
111578,-1,1
111578,-1,1
111578,-1,1
13277,-1,-1
13277,-1,1
13277,-1,1
13277,-1,1
13277,-1,1
13277,-1,1
13277,-1,1
13280,-1,-1
13280,1,-1
13280,1,-1
13280,1,-1
13280,1,1
13280,1,1
13283,-1,-1
13283,-1,-1
13283,-1,-1
13283,-1,-1
13283,-1,-1
13283,-1,-1
109541,-1,1
109541,-1,1
109541,-1,1
109541,-1,1
109541,-1,1
109545,-1,1
109545,-1,1
109545,-1,-1
109545,-1,1
13290,-1,-1
13290,-1,-1
13290,-1,-1
13290,-1,-1
13290,-1,1
13290,-1,1
13290,-1,1
111597,-1,-1
111597,-1,-1
111597,-1,-1
111597,-1,-1
111597,-1,-1
111597,-1,-1
111597,-1,1
13296,-1,-1
13296,-1,1
13296,-1,-1
13296,-1,1
13296,-1,1
13296,-1,1
13297,-1,-1
13297,-1,-1
13297,-1,-1
13297,-1,1
13297,-1,1
13297,-1,1
146421,-1,-1
146421,-1,-1
146421,-1,1
146421,-1,1
13305,-1,-1
13305,-1,-1
13305,-1,1
13305,-1,1
13305,-1,1
13305,-1,1
13305,-1,1
13305,-1,1
13305,-1,1
13306,-1,1
13306,-1,-1
13306,-1,-1
13306,-1,-1
13306,-1,1
13306,-1,1
13306,-1,1
111613,-1,-1
111613,-1,-1
111613,-1,-1
111613,-1,1
111613,-1,1
111613,-1,1
111613,-1,1
111613,-1,1
111613,-1,1
111613,-1,1
11265,-1,1
11265,-1,1
11265,-1,1
11265,-1,1
11267,-1,1
11267,-1,1
11267,-1,1
11267,-1,1
123910,-1,-1
123910,-1,-1
123910,-1,-1
123910,-1,-1
123910,-1,1
123910,-1,-1
11282,-1,-1
11282,-1,1
11282,-1,1
117795,-1,-1
117795,-1,-1
117795,-1,-1
117795,-1,-1
117795,-1,-1
117795,-1,-1
117795,-1,-1
164909,-1,1
164909,-1,1
164909,-1,1
115760,-1,1
115760,-1,1
115760,-1,1
115760,-1,1
115760,-1,1
115760,-1,1
134198,-1,-1
134198,-1,1
134198,-1,1
109643,-1,-1
109643,-1,-1
109643,-1,1
11348,-1,-1
11348,-1,1
11348,-1,1
11348,-1,-1
113777,-1,-1
113777,-1,-1
113777,-1,-1
113777,-1,1
113798,-1,1
113798,-1,1
113798,-1,1
113798,-1,1
113811,-1,1
113811,-1,1
113811,-1,1
113811,-1,1
113811,-1,1
117917,-1,1
117917,-1,1
117917,-1,1
117917,-1,1
177351,-1,-1
177351,-1,-1
177351,-1,-1
12494,-1,-1
12494,-1,-1
12494,-1,-1
11493,-1,-1
11493,-1,1
11493,-1,1
11493,-1,1
11493,-1,1
11226,-1,1
11226,-1,-1
11226,-1,-1
11226,-1,1
11226,-1,1
12499,-1,1
12499,-1,-1
12499,-1,-1
12499,-1,-1
12499,-1,1
12499,-1,1
105725,-1,-1
105725,-1,1
105725,-1,1
105725,-1,1
105725,-1,1
103679,-1,1
103679,-1,1
103679,-1,1
103679,-1,1
103679,-1,1
103679,-1,1
103679,-1,1
11136,-1,1
11136,-1,1
11136,-1,1
11136,-1,1
11136,-1,1
11525,-1,-1
11525,-1,1
11525,-1,1
11525,-1,-1
11525,-1,1
113933,-1,-1
113933,-1,1
113933,-1,1
113933,-1,1
103699,-1,-1
103699,-1,-1
103699,-1,-1
103699,-1,1
103699,-1,1
103699,-1,1
109848,-1,-1
109848,-1,1
109848,-1,1
109848,-1,1
11546,-1,-1
11546,-1,-1
11546,-1,1
11553,-1,1
11553,-1,1
11553,-1,1
11553,-1,1
11553,-1,1
103718,-1,-1
103718,-1,1
103718,-1,1
103718,-1,1
103718,-1,1
13274,-1,-1
13274,-1,-1
13274,-1,-1
13274,-1,-1
13274,-1,-1
13274,-1,-1
13274,-1,1
13274,-1,1
120117,-1,-1
120117,-1,-1
120117,-1,-1
120117,-1,1
120117,-1,1
120117,-1,1
11574,-1,-1
11574,-1,-1
11574,-1,-1
11576,-1,-1
11576,-1,1
11576,-1,1
179513,-1,-1
179513,-1,-1
179513,-1,-1
11580,-1,-1
11580,-1,-1
11580,-1,-1
11603,-1,-1
11603,-1,1
11603,-1,-1
11608,-1,-1
11608,-1,-1
11608,1,-1
11608,-1,-1
11614,-1,-1
11614,-1,-1
11614,-1,-1
11614,-1,-1
11614,-1,1
11616,-1,-1
11616,-1,-1
11616,-1,-1
11616,-1,-1
11616,-1,-1
12935,-1,-1
12935,-1,-1
12935,-1,-1
12935,-1,1
11631,-1,1
11631,-1,1
11631,-1,1
11631,-1,1
11631,-1,1
11636,1,-1
11636,1,-1
11636,-1,1
11636,1,1
11636,1,1
164074,-1,-1
164074,-1,-1
164074,-1,-1
11649,-1,-1
11649,-1,-1
11649,-1,-1
11649,-1,-1
11649,-1,-1
11649,-1,-1
11652,-1,-1
11652,-1,-1
11652,-1,1
11654,-1,1
11654,-1,1
11654,-1,1
114057,-1,-1
114057,-1,1
114057,-1,1
114057,-1,1
114057,-1,1
114057,-1,1
107923,-1,1
107923,-1,1
107923,-1,1
107923,-1,1
107923,-1,1
107928,-1,1
107928,-1,-1
107928,-1,-1
107928,-1,-1
109990,-1,-1
109990,-1,-1
109990,1,1
109990,1,1
11689,-1,-1
11689,-1,-1
11689,-1,1
11689,-1,1
11692,-1,-1
11692,-1,1
11692,-1,1
11692,-1,1
11698,-1,-1
11698,-1,-1
11698,-1,1
11698,-1,1
11705,-1,1
11705,-1,1
11705,-1,1
11705,-1,1
11713,-1,1
11713,-1,-1
11713,1,1
188662,-1,-1
188662,-1,1
188662,-1,1
188662,-1,1
11728,1,-1
11728,-1,1
11728,-1,1
11728,-1,1
11740,-1,-1
11740,-1,1
11740,-1,1
11740,-1,1
112093,-1,-1
112093,-1,-1
112093,-1,-1
112093,-1,-1
112093,-1,-1
117210,-1,-1
117210,-1,1
117210,-1,1
117210,-1,1
108011,-1,-1
108011,-1,-1
108011,-1,1
108011,-1,1
108011,-1,1
11757,-1,1
11757,-1,1
11757,-1,1
11796,-1,1
11796,-1,1
11796,-1,1
11796,-1,1
11796,-1,1
11797,-1,-1
11797,-1,-1
11797,-1,-1
11797,-1,1
11797,-1,1
146976,-1,-1
146976,1,1
146976,-1,1
120353,-1,-1
120353,-1,-1
120353,-1,-1
120353,-1,1
120353,-1,1
120353,-1,1
11820,-1,-1
11820,-1,-1
11820,-1,-1
11820,-1,1
11820,-1,1
11820,-1,1
11826,-1,-1
11826,-1,-1
11826,-1,1
11826,-1,1
11826,-1,1
118707,-1,-1
118707,-1,-1
118707,-1,-1
118707,-1,1
118707,-1,1
11850,-1,-1
11850,-1,-1
11850,-1,-1
11850,1,1
11850,1,1
11852,-1,1
11852,-1,1
11852,-1,1
11852,-1,1
11853,-1,-1
11853,-1,-1
11853,-1,1
11853,-1,1
11868,-1,-1
11868,-1,1
11868,-1,1
11868,-1,1
122474,-1,-1
122474,-1,-1
122474,-1,-1
122474,-1,1
11901,-1,1
11901,-1,1
11901,-1,1
11901,-1,1
11903,-1,-1
11903,-1,1
11903,-1,1
11908,-1,-1
11908,-1,1
11908,-1,1
11911,-1,-1
11911,-1,-1
11911,-1,1
11911,-1,1
11911,-1,1
11911,-1,1
11912,-1,1
11912,-1,-1
11912,-1,1
11912,-1,1
103020,-1,1
103020,1,1
103020,1,1
103020,1,1
11915,-1,-1
11915,-1,-1
11915,-1,1
11915,-1,1
122513,-1,-1
122513,-1,1
122513,-1,1
122513,-1,1
169625,-1,1
169625,-1,1
169625,-1,1
147123,-1,-1
147123,-1,1
147123,-1,1
118455,1,-1
118455,1,-1
118455,1,1
118455,1,1
118455,1,1
118455,1,1
11983,-1,-1
11983,-1,-1
11983,-1,1
11983,-1,1
11993,-1,1
11993,-1,1
11993,-1,1
11993,-1,1
11993,-1,1
11993,-1,1
110300,-1,1
110300,-1,1
110300,-1,1
110300,-1,1
105216,-1,1
105216,-1,1
105216,-1,1
12003,-1,-1
12003,-1,-1
12003,-1,-1
12003,-1,-1
12003,-1,-1
12003,-1,-1
110312,-1,-1
110312,-1,-1
110312,-1,1
110312,-1,1
110312,-1,1
12011,-1,-1
12011,-1,-1
12011,-1,-1
12011,-1,-1
12011,-1,-1
106226,-1,1
106226,-1,1
106226,-1,1
106226,-1,1
13289,-1,-1
13289,-1,-1
13289,-1,1
13289,-1,-1
13289,-1,1
13289,-1,1
13289,-1,1
12021,-1,1
12021,-1,1
12021,-1,1
12021,-1,1
110338,-1,-1
110338,-1,1
110338,-1,1
114441,-1,1
114441,-1,1
114441,-1,1
106258,-1,1
106258,-1,1
106258,-1,1
106258,-1,1
106258,-1,1
163615,-1,-1
163615,-1,-1
163615,-1,1
163615,-1,1
110368,-1,1
110368,-1,1
110368,-1,1
110368,-1,1
110368,-1,1
188196,-1,-1
188196,-1,1
188196,-1,1
188196,-1,1
188199,-1,1
188199,-1,1
188199,-1,1
118572,-1,-1
118572,-1,-1
118572,-1,-1
118572,-1,-1
182062,-1,-1
182062,1,-1
182062,1,1
149301,-1,1
149301,-1,1
149301,-1,1
11913,-1,-1
11913,-1,-1
11913,-1,-1
11913,-1,-1
106298,-1,-1
106298,-1,-1
106298,-1,-1
106298,-1,-1
106298,-1,-1
106318,-1,-1
106318,-1,-1
106318,-1,-1
106318,-1,-1
106318,-1,-1
106328,-1,1
106328,-1,1
106328,-1,1
185350,-1,-1
185350,-1,1
185350,-1,1
110431,-1,1
110431,-1,1
110431,-1,1
110431,-1,1
10896,-1,-1
10896,-1,-1
10896,-1,-1
10896,-1,-1
102246,-1,-1
102246,-1,1
102246,-1,1
107495,-1,1
107495,-1,1
107495,-1,1
107495,-1,1
184172,-1,-1
184172,-1,-1
184172,-1,-1
184174,-1,-1
184174,-1,-1
184174,-1,-1
184174,-1,-1
184180,-1,-1
184180,-1,1
184180,-1,1
184180,-1,1
110455,-1,-1
110455,-1,-1
110455,-1,1
110455,-1,1
184187,-1,1
184187,-1,1
184187,-1,1
184187,-1,1
184190,-1,-1
184190,-1,-1
184190,-1,-1
184190,-1,-1
122754,-1,-1
122754,-1,-1
122754,-1,-1
122754,-1,-1
122754,-1,1
110468,-1,-1
110468,-1,1
110468,-1,1
110468,-1,1
102278,-1,-1
102278,-1,-1
102278,-1,1
102278,-1,1
12181,-1,-1
12181,-1,1
12181,-1,-1
12181,-1,-1
12181,-1,1
106392,-1,1
106392,-1,1
106392,-1,1
106392,-1,1
12192,-1,-1
12192,-1,1
12192,-1,1
12192,-1,1
12192,-1,1
174003,-1,-1
174003,-1,-1
174003,-1,1
174003,-1,1
106430,-1,-1
106430,-1,-1
106430,-1,1
106430,-1,1
106430,-1,1
12226,-1,-1
12226,-1,1
12226,-1,1
12226,-1,1
118732,-1,-1
118732,-1,-1
118732,-1,-1
118732,-1,-1
118732,-1,-1
110550,-1,1
110550,-1,1
110550,-1,1
110550,-1,1
110555,-1,-1
110555,-1,1
110555,-1,1
110555,-1,1
12259,-1,-1
12259,-1,-1
12259,-1,-1
12259,-1,-1
12259,-1,1
12259,-1,1
12259,-1,1
110564,-1,1
110564,-1,1
110564,-1,1
110564,-1,1
106480,-1,1
106480,-1,1
106480,-1,1
106480,-1,1
112638,-1,-1
112638,-1,-1
112638,-1,-1
112638,-1,1
112638,-1,1
